Temperatura do ar ambiente,Rotação do motor - RPM,Carga calculada do motor,Ajuste de combustível de longo prazo - Banco 1,Temperatura do ar admitido - ACT,Temperatura do líquido de arrefecimento do motor - CTS,Ajuste de combustível de curto prazo - Banco 1,"Sonda lambda - Banco 1, sensor 2",Pressão barométrica,Tensão do módulo,Posição relativa da borboleta - TPS,Posição absoluta da borboleta - TPS,Posição absoluta da borboleta - Sensor B,"Sonda lambda - Banco 1, sensor 1","Ajuste de combustível de curto prazo - Banco 1, sensor 1",Pressão no coletor de admissão - MAP,Estado do sistema de combustível,Carga absoluta do motor,Nº de falhas na memória,Altitude
,3383 rpm,16 %,,,96 °C,,,,,,,,,,,,,,843 m
,3383 rpm,16 %,,,96 °C,,,,,,,,,,,,,,843 m
,3383 rpm,16 %,,,96 °C,,,,,,,,,,,,,,843 m
,3384 rpm,16 %,,,96 °C,,,,,,,,,,,,,,843 m
,3384 rpm,16 %,,,96 °C,,,,,,,,,,,,,,843 m
,3382 rpm,16 %,,,96 °C,,,,,,,,,,,,,,843 m
,3380 rpm,16 %,,,96 °C,,,,,,,,,,,,,,843 m
,3380 rpm,16 %,,,96 °C,,,,,,,,,,,,,,843 m
,3379 rpm,16 %,,,96 °C,,,,,,,,,,,,,,843 m
,3377 rpm,16 %,,,96 °C,,,,,,,,,,,,,,843 m
,3377 rpm,16 %,,,96 °C,,,,,,,,,,,,,,843 m
,3376 rpm,16 %,,,96 °C,,,,,,,,,,,,,,843 m
,3381 rpm,16 %,,,96 °C,,,,,,,,,,,,,,843 m
,3379 rpm,16 %,,,96 °C,,,,,,,,,,,,,,843 m
,3378 rpm,16 %,,,96 °C,,,,,,,,,,,,,,843 m
,3379 rpm,16 %,,,96 °C,,,,,,,,,,,,,,843 m
,3375 rpm,16 %,,,96 °C,,,,,,,,,,,,,,843 m
,3378 rpm,16 %,,,96 °C,,,,,,,,,,,,,,843 m
,3374 rpm,16 %,,,96 °C,,,,,,,,,,,,,,843 m
,3375 rpm,16 %,,,96 °C,,,,,,,,,,,,,,843 m
,3376 rpm,16 %,,,96 °C,,,,,,,,,,,,,,843 m
,3375 rpm,16 %,,,96 °C,,,,,,,,,,,,,,843 m
,3376 rpm,16 %,,,96 °C,,,,,,,,,,,,,,843 m
,3375 rpm,16 %,,,96 °C,,,,,,,,,,,,,,843 m
,3375 rpm,16 %,,,96 °C,,,,,,,,,,,,,,843 m
,3376 rpm,16 %,,,96 °C,,,,,,,,,,,,,,843 m
,3379 rpm,16 %,,,96 °C,,,,,,,,,,,,,,843 m
,3378 rpm,16 %,,,96 °C,,,,,,,,,,,,,,843 m
,3378 rpm,16 %,,,96 °C,,,,,,,,,,,,,,843 m
,3376 rpm,16 %,,,96 °C,,,,,,,,,,,,,,843 m
,3378 rpm,16 %,,,96 °C,,,,,,,,,,,,,,843 m
,3379 rpm,16 %,,,96 °C,,,,,,,,,,,,,,843 m
,3378 rpm,16 %,,,96 °C,,,,,,,,,,,,,,843 m
,3377 rpm,16 %,,,96 °C,,,,,,,,,,,,,,843 m
,3376 rpm,16 %,,,96 °C,,,,,,,,,,,,,,843 m
,3379 rpm,16 %,,,96 °C,,,,,,,,,,,,,,843 m
,3377 rpm,16 %,,,96 °C,,,,,,,,,,,,,,843 m
,3376 rpm,16 %,,,96 °C,,,,,,,,,,,,,,843 m
,3378 rpm,16 %,,,96 °C,,,,,,,,,,,,,,843 m
,3376 rpm,16 %,,,96 °C,,,,,,,,,,,,,,843 m
,3373 rpm,16 %,,,96 °C,,,,,,,,,,,,,,843 m
,3372 rpm,16 %,,,96 °C,,,,,,,,,,,,,,843 m
,3375 rpm,16 %,,,96 °C,,,,,,,,,,,,,,843 m
,3372 rpm,16 %,,,96 °C,,,,,,,,,,,,,,843 m
,3373 rpm,16 %,,,96 °C,,,,,,,,,,,,,,843 m
,3375 rpm,16 %,,,96 °C,,,,,,,,,,,,,,843 m
,3373 rpm,16 %,,,96 °C,,,,,,,,,,,,,,843 m
,3377 rpm,16 %,,,96 °C,,,,,,,,,,,,,,843 m
,3378 rpm,16 %,,,96 °C,,,,,,,,,,,,,,843 m
,3380 rpm,16 %,,,96 °C,,,,,,,,,,,,,,843 m
,3378 rpm,16 %,,,96 °C,,,,,,,,,,,,,,843 m
,3378 rpm,16 %,,,96 °C,,,,,,,,,,,,,,843 m
,3380 rpm,16 %,,,96 °C,,,,,,,,,,,,,,843 m
,3380 rpm,16 %,,,96 °C,,,,,,,,,,,,,,843 m
,3386 rpm,16 %,,,96 °C,,,,,,,,,,,,,,843 m
,3390 rpm,17 %,,,96 °C,,,,,,,,,,,,,,843 m
,3394 rpm,17 %,,,96 °C,,,,,,,,,,,,,,843 m
,3401 rpm,17 %,,,96 °C,,,,,,,,,,,,,,843 m
,3411 rpm,17 %,,,96 °C,,,,,,,,,,,,,,843 m
,3419 rpm,16 %,,,96 °C,,,,,,,,,,,,,,843 m
,3425 rpm,16 %,,,96 °C,,,,,,,,,,,,,,843 m
,3431 rpm,16 %,,,96 °C,,,,,,,,,,,,,,843 m
,3434 rpm,16 %,,,96 °C,,,,,,,,,,,,,,843 m
,3436 rpm,16 %,,,96 °C,,,,,,,,,,,,,,843 m
,3440 rpm,16 %,,,96 °C,,,,,,,,,,,,,,843 m
,3441 rpm,16 %,,,96 °C,,,,,,,,,,,,,,843 m
,3443 rpm,16 %,,,96 °C,,,,,,,,,,,,,,843 m
,3449 rpm,16 %,,,96 °C,,,,,,,,,,,,,,843 m
,3452 rpm,16 %,,,95 °C,,,,,,,,,,,,,,843 m
,3453 rpm,16 %,,,95 °C,,,,,,,,,,,,,,843 m
,3456 rpm,16 %,,,95 °C,,,,,,,,,,,,,,843 m
,3453 rpm,16 %,,,95 °C,,,,,,,,,,,,,,843 m
,3455 rpm,16 %,,,96 °C,,,,,,,,,,,,,,843 m
,3456 rpm,16 %,,,96 °C,,,,,,,,,,,,,,843 m
,3456 rpm,16 %,,,96 °C,,,,,,,,,,,,,,843 m
,3460 rpm,16 %,,,95 °C,,,,,,,,,,,,,,843 m
,3464 rpm,16 %,,,95 °C,,,,,,,,,,,,,,843 m
,3463 rpm,16 %,,,95 °C,,,,,,,,,,,,,,843 m
,3463 rpm,16 %,,,95 °C,,,,,,,,,,,,,,843 m
,3461 rpm,16 %,,,95 °C,,,,,,,,,,,,,,843 m
,3462 rpm,16 %,,,95 °C,,,,,,,,,,,,,,843 m
,3458 rpm,16 %,,,95 °C,,,,,,,,,,,,,,843 m
,3457 rpm,16 %,,,95 °C,,,,,,,,,,,,,,843 m
,3461 rpm,16 %,,,95 °C,,,,,,,,,,,,,,843 m
,3464 rpm,16 %,,,95 °C,,,,,,,,,,,,,,843 m
,3463 rpm,16 %,,,95 °C,,,,,,,,,,,,,,843 m
,3459 rpm,18 %,,,95 °C,,,,,,,,,,,,,,843 m
,3470 rpm,13 %,,,95 °C,,,,,,,,,,,,,,843 m
,3351 rpm,10 %,,,95 °C,,,,,,,,,,,,,,843 m
,3209 rpm,10 %,,,96 °C,,,,,,,,,,,,,,843 m
,3048 rpm,9 %,,,96 °C,,,,,,,,,,,,,,843 m
,2904 rpm,9 %,,,95 °C,,,,,,,,,,,,,,843 m
,2827 rpm,67 %,,,95 °C,,,,,,,,,,,,,,843 m
,2935 rpm,72 %,,,95 °C,,,,,,,,,,,,,,843 m
,4005 rpm,64 %,,,95 °C,,,,,,,,,,,,,,843 m
,4270 rpm,25 %,,,95 °C,,,,,,,,,,,,,,843 m
,4147 rpm,10 %,,,95 °C,,,,,,,,,,,,,,843 m
,4004 rpm,8 %,,,95 °C,,,,,,,,,,,,,,843 m
,3861 rpm,8 %,,,95 °C,,,,,,,,,,,,,,843 m
,3659 rpm,22 %,,,95 °C,,,,,,,,,,,,,,843 m
,3712 rpm,28 %,,,95 °C,,,,,,,,,,,,,,843 m
,3752 rpm,11 %,,,95 °C,,,,,,,,,,,,,,843 m
,3668 rpm,9 %,,,95 °C,,,,,,,,,,,,,,843 m
,3525 rpm,8 %,,,94 °C,,,,,,,,,,,,,,843 m
,3410 rpm,16 %,,,95 °C,,,,,,,,,,,,,,843 m
,3311 rpm,26 %,,,95 °C,,,,,,,,,,,,,,843 m
,3397 rpm,34 %,,,95 °C,,,,,,,,,,,,,,843 m
,3543 rpm,37 %,,,95 °C,,,,,,,,,,,,,,843 m
,3735 rpm,34 %,,,94 °C,,,,,,,,,,,,,,843 m
,3897 rpm,12 %,,,94 °C,,,,,,,,,,,,,,843 m
,3811 rpm,9 %,,,94 °C,,,,,,,,,,,,,,843 m
,3680 rpm,8 %,,,94 °C,,,,,,,,,,,,,,843 m
,3555 rpm,11 %,,,94 °C,,,,,,,,,,,,,,843 m
,3384 rpm,23 %,,,94 °C,,,,,,,,,,,,,,843 m
,3455 rpm,41 %,,,94 °C,,,,,,,,,,,,,,843 m
,3663 rpm,39 %,,,94 °C,,,,,,,,,,,,,,843 m
,3924 rpm,16 %,,,94 °C,,,,,,,,,,,,,,843 m
,3843 rpm,11 %,,,94 °C,,,,,,,,,,,,,,843 m
,3641 rpm,8 %,,,94 °C,,,,,,,,,,,,,,843 m
,3538 rpm,9 %,,,94 °C,,,,,,,,,,,,,,843 m
,3426 rpm,22 %,,,94 °C,,,,,,,,,,,,,,843 m
,3410 rpm,38 %,,,94 °C,,,,,,,,,,,,,,843 m
,3549 rpm,45 %,,,94 °C,,,,,,,,,,,,,,843 m
,3954 rpm,17 %,,,94 °C,,,,,,,,,,,,,,843 m
,3884 rpm,11 %,,,94 °C,,,,,,,,,,,,,,843 m
,3780 rpm,8 %,,,94 °C,,,,,,,,,,,,,,843 m
,3694 rpm,8 %,,,94 °C,,,,,,,,,,,,,,843 m
,3576 rpm,10 %,,,94 °C,,,,,,,,,,,,,,843 m
,3456 rpm,22 %,,,94 °C,,,,,,,,,,,,,,843 m
,3444 rpm,29 %,,,94 °C,,,,,,,,,,,,,,843 m
,3564 rpm,24 %,,,93 °C,,,,,,,,,,,,,,843 m
,3568 rpm,10 %,,,93 °C,,,,,,,,,,,,,,843 m
,3478 rpm,9 %,,,94 °C,,,,,,,,,,,,,,843 m
,3396 rpm,15 %,,,94 °C,,,,,,,,,,,,,,843 m
,3333 rpm,30 %,,,94 °C,,,,,,,,,,,,,,843 m
,3461 rpm,50 %,,,94 °C,,,,,,,,,,,,,,843 m
,3738 rpm,56 %,,,94 °C,,,,,,,,,,,,,,843 m
,3959 rpm,22 %,,,94 °C,,,,,,,,,,,,,,843 m
,3902 rpm,13 %,,,94 °C,,,,,,,,,,,,,,843 m
,3799 rpm,9 %,,,93 °C,,,,,,,,,,,,,,843 m
,3682 rpm,9 %,,,93 °C,,,,,,,,,,,,,,843 m
,3585 rpm,12 %,,,93 °C,,,,,,,,,,,,,,843 m
,3515 rpm,52 %,,,93 °C,,,,,,,,,,,,,,843 m
,3878 rpm,33 %,,,93 °C,,,,,,,,,,,,,,843 m
,3860 rpm,15 %,,,94 °C,,,,,,,,,,,,,,843 m
,3762 rpm,11 %,,,94 °C,,,,,,,,,,,,,,843 m
,3666 rpm,10 %,,,93 °C,,,,,,,,,,,,,,843 m
,3587 rpm,30 %,,,93 °C,,,,,,,,,,,,,,843 m
,3605 rpm,52 %,,,93 °C,,,,,,,,,,,,,,843 m
,3839 rpm,20 %,,,93 °C,,,,,,,,,,,,,,843 m
,3909 rpm,11 %,,,93 °C,,,,,,,,,,,,,,843 m
,3832 rpm,9 %,,,93 °C,,,,,,,,,,,,,,843 m
,3702 rpm,8 %,,,93 °C,,,,,,,,,,,,,,843 m
,3546 rpm,9 %,,,93 °C,,,,,,,,,,,,,,843 m
,3427 rpm,73 %,,,93 °C,,,,,,,,,,,,,,843 m
,3513 rpm,50 %,,,94 °C,,,,,,,,,,,,,,843 m
,3793 rpm,16 %,,,93 °C,,,,,,,,,,,,,,843 m
,3676 rpm,11 %,,,93 °C,,,,,,,,,,,,,,843 m
,3560 rpm,10 %,,,93 °C,,,,,,,,,,,,,,843 m
,3471 rpm,12 %,,,93 °C,,,,,,,,,,,,,,843 m
,3444 rpm,12 %,,,93 °C,,,,,,,,,,,,,,843 m
,3329 rpm,10 %,,,93 °C,,,,,,,,,,,,,,843 m
,3236 rpm,11 %,,,93 °C,,,,,,,,,,,,,,843 m
,3065 rpm,10 %,,,93 °C,,,,,,,,,,,,,,843 m
,2977 rpm,9 %,,,93 °C,,,,,,,,,,,,,,843 m
,2874 rpm,10 %,,,93 °C,,,,,,,,,,,,,,843 m
,2728 rpm,9 %,,,93 °C,,,,,,,,,,,,,,843 m
,2583 rpm,9 %,,,93 °C,,,,,,,,,,,,,,843 m
,2451 rpm,13 %,,,93 °C,,,,,,,,,,,,,,843 m
,2401 rpm,15 %,,,93 °C,,,,,,,,,,,,,,843 m
,2387 rpm,11 %,,,93 °C,,,,,,,,,,,,,,843 m
,2329 rpm,11 %,,,93 °C,,,,,,,,,,,,,,843 m
,2275 rpm,14 %,,,93 °C,,,,,,,,,,,,,,843 m
,2242 rpm,15 %,,,93 °C,,,,,,,,,,,,,,843 m
,2210 rpm,16 %,,,93 °C,,,,,,,,,,,,,,843 m
,2202 rpm,17 %,,,93 °C,,,,,,,,,,,,,,843 m
,2203 rpm,17 %,,,93 °C,,,,,,,,,,,,,,843 m
,2243 rpm,16 %,,,93 °C,,,,,,,,,,,,,,843 m
,2251 rpm,13 %,,,93 °C,,,,,,,,,,,,,,843 m
,2186 rpm,9 %,,,93 °C,,,,,,,,,,,,,,843 m
,2047 rpm,9 %,,,93 °C,,,,,,,,,,,,,,843 m
,1895 rpm,9 %,,,93 °C,,,,,,,,,,,,,,843 m
,1769 rpm,9 %,,,93 °C,,,,,,,,,,,,,,843 m
,1635 rpm,10 %,,,93 °C,,,,,,,,,,,,,,843 m
,1416 rpm,9 %,,,93 °C,,,,,,,,,,,,,,843 m
,1253 rpm,11 %,,,93 °C,,,,,,,,,,,,,,843 m
,1179 rpm,12 %,,,93 °C,,,,,,,,,,,,,,843 m
,1149 rpm,13 %,,,93 °C,,,,,,,,,,,,,,843 m
,1096 rpm,14 %,,,93 °C,,,,,,,,,,,,,,843 m
,1025 rpm,14 %,,,93 °C,,,,,,,,,,,,,,843 m
,817 rpm,17 %,,,93 °C,,,,,,,,,,,,,,843 m
,772 rpm,19 %,,,93 °C,,,,,,,,,,,,,,843 m
,706 rpm,21 %,,,93 °C,,,,,,,,,,,,,,843 m
,664 rpm,24 %,,,93 °C,,,,,,,,,,,,,,843 m
,639 rpm,26 %,,,93 °C,,,,,,,,,,,,,,843 m
,651 rpm,28 %,,,93 °C,,,,,,,,,,,,,,843 m
,708 rpm,28 %,,,93 °C,,,,,,,,,,,,,,843 m
,687 rpm,28 %,,,93 °C,,,,,,,,,,,,,,843 m
,648 rpm,27 %,,,93 °C,,,,,,,,,,,,,,843 m
,588 rpm,29 %,,,93 °C,,,,,,,,,,,,,,843 m
,532 rpm,31 %,,,93 °C,,,,,,,,,,,,,,843 m
,509 rpm,37 %,,,93 °C,,,,,,,,,,,,,,843 m
,514 rpm,42 %,,,93 °C,,,,,,,,,,,,,,843 m
,580 rpm,42 %,,,93 °C,,,,,,,,,,,,,,843 m
,712 rpm,42 %,,,93 °C,,,,,,,,,,,,,,843 m
,783 rpm,41 %,,,93 °C,,,,,,,,,,,,,,843 m
,839 rpm,38 %,,,93 °C,,,,,,,,,,,,,,843 m
,889 rpm,38 %,,,93 °C,,,,,,,,,,,,,,843 m
,921 rpm,40 %,,,93 °C,,,,,,,,,,,,,,843 m
,962 rpm,41 %,,,93 °C,,,,,,,,,,,,,,843 m
,1083 rpm,35 %,,,93 °C,,,,,,,,,,,,,,843 m
,1011 rpm,35 %,,,93 °C,,,,,,,,,,,,,,843 m
,990 rpm,32 %,,,93 °C,,,,,,,,,,,,,,843 m
,961 rpm,27 %,,,93 °C,,,,,,,,,,,,,,843 m
,899 rpm,27 %,,,93 °C,,,,,,,,,,,,,,843 m
,822 rpm,27 %,,,93 °C,,,,,,,,,,,,,,843 m
,752 rpm,27 %,,,93 °C,,,,,,,,,,,,,,843 m
,685 rpm,27 %,,,93 °C,,,,,,,,,,,,,,843 m
,642 rpm,27 %,,,93 °C,,,,,,,,,,,,,,843 m
,616 rpm,28 %,,,93 °C,,,,,,,,,,,,,,843 m
,602 rpm,30 %,,,93 °C,,,,,,,,,,,,,,843 m
,602 rpm,31 %,,,93 °C,,,,,,,,,,,,,,843 m
,614 rpm,32 %,,,93 °C,,,,,,,,,,,,,,843 m
,662 rpm,35 %,,,93 °C,,,,,,,,,,,,,,843 m
,706 rpm,36 %,,,94 °C,,,,,,,,,,,,,,843 m
,766 rpm,37 %,,,94 °C,,,,,,,,,,,,,,843 m
,817 rpm,36 %,,,94 °C,,,,,,,,,,,,,,843 m
,837 rpm,34 %,,,94 °C,,,,,,,,,,,,,,843 m
,859 rpm,33 %,,,93 °C,,,,,,,,,,,,,,843 m
,860 rpm,31 %,,,93 °C,,,,,,,,,,,,,,843 m
,812 rpm,28 %,,,93 °C,,,,,,,,,,,,,,843 m
,768 rpm,27 %,,,93 °C,,,,,,,,,,,,,,843 m
,709 rpm,27 %,,,93 °C,,,,,,,,,,,,,,843 m
,654 rpm,28 %,,,93 °C,,,,,,,,,,,,,,843 m
,602 rpm,36 %,,,93 °C,,,,,,,,,,,,,,843 m
,621 rpm,51 %,,,93 °C,,,,,,,,,,,,,,843 m
,715 rpm,55 %,,,93 °C,,,,,,,,,,,,,,843 m
,903 rpm,48 %,,,93 °C,,,,,,,,,,,,,,843 m
,1220 rpm,43 %,,,94 °C,,,,,,,,,,,,,,843 m
,1274 rpm,42 %,,,94 °C,,,,,,,,,,,,,,843 m
,1284 rpm,40 %,,,94 °C,,,,,,,,,,,,,,843 m
,1273 rpm,37 %,,,94 °C,,,,,,,,,,,,,,843 m
,1255 rpm,33 %,,,93 °C,,,,,,,,,,,,,,843 m
,1149 rpm,27 %,,,93 °C,,,,,,,,,,,,,,843 m
,950 rpm,24 %,,,93 °C,,,,,,,,,,,,,,843 m
,837 rpm,23 %,,,94 °C,,,,,,,,,,,,,,843 m
,783 rpm,24 %,,,94 °C,,,,,,,,,,,,,,843 m
,706 rpm,25 %,,,93 °C,,,,,,,,,,,,,,843 m
,662 rpm,27 %,,,93 °C,,,,,,,,,,,,,,843 m
,604 rpm,30 %,,,93 °C,,,,,,,,,,,,,,843 m
,584 rpm,32 %,,,94 °C,,,,,,,,,,,,,,843 m
,589 rpm,34 %,,,94 °C,,,,,,,,,,,,,,843 m
,609 rpm,38 %,,,93 °C,,,,,,,,,,,,,,843 m
,659 rpm,42 %,,,93 °C,,,,,,,,,,,,,,843 m
,775 rpm,46 %,,,93 °C,,,,,,,,,,,,,,843 m
,1036 rpm,42 %,,,94 °C,,,,,,,,,,,,,,843 m
,1148 rpm,37 %,,,94 °C,,,,,,,,,,,,,,843 m
,1144 rpm,31 %,,,93 °C,,,,,,,,,,,,,,843 m
,1047 rpm,27 %,,,93 °C,,,,,,,,,,,,,,843 m
,950 rpm,27 %,,,93 °C,,,,,,,,,,,,,,843 m
,882 rpm,27 %,,,93 °C,,,,,,,,,,,,,,843 m
,813 rpm,26 %,,,93 °C,,,,,,,,,,,,,,843 m
,715 rpm,27 %,,,93 °C,,,,,,,,,,,,,,843 m
,672 rpm,27 %,,,93 °C,,,,,,,,,,,,,,843 m
,588 rpm,28 %,,,93 °C,,,,,,,,,,,,,,843 m
,555 rpm,30 %,,,93 °C,,,,,,,,,,,,,,843 m
,553 rpm,33 %,,,93 °C,,,,,,,,,,,,,,843 m
,586 rpm,33 %,,,93 °C,,,,,,,,,,,,,,843 m
,649 rpm,33 %,,,93 °C,,,,,,,,,,,,,,843 m
,693 rpm,33 %,,,93 °C,,,,,,,,,,,,,,843 m
,758 rpm,33 %,,,93 °C,,,,,,,,,,,,,,843 m
,791 rpm,35 %,,,93 °C,,,,,,,,,,,,,,843 m
,847 rpm,33 %,,,93 °C,,,,,,,,,,,,,,843 m
,893 rpm,31 %,,,93 °C,,,,,,,,,,,,,,843 m
,918 rpm,29 %,,,93 °C,,,,,,,,,,,,,,843 m
,811 rpm,27 %,,,93 °C,,,,,,,,,,,,,,843 m
,792 rpm,27 %,,,93 °C,,,,,,,,,,,,,,843 m
,758 rpm,25 %,,,93 °C,,,,,,,,,,,,,,843 m
,730 rpm,25 %,,,93 °C,,,,,,,,,,,,,,843 m
,678 rpm,25 %,,,93 °C,,,,,,,,,,,,,,843 m
,635 rpm,25 %,,,93 °C,,,,,,,,,,,,,,843 m
,591 rpm,27 %,,,93 °C,,,,,,,,,,,,,,843 m
,539 rpm,31 %,,,93 °C,,,,,,,,,,,,,,843 m
,543 rpm,32 %,,,93 °C,,,,,,,,,,,,,,843 m
,582 rpm,33 %,,,93 °C,,,,,,,,,,,,,,843 m
,622 rpm,34 %,,,93 °C,,,,,,,,,,,,,,843 m
,689 rpm,38 %,,,93 °C,,,,,,,,,,,,,,843 m
,744 rpm,44 %,,,93 °C,,,,,,,,,,,,,,843 m
,998 rpm,44 %,,,93 °C,,,,,,,,,,,,,,843 m
,1127 rpm,39 %,,,93 °C,,,,,,,,,,,,,,843 m
,1192 rpm,36 %,,,93 °C,,,,,,,,,,,,,,843 m
,1200 rpm,31 %,,,93 °C,,,,,,,,,,,,,,843 m
,1157 rpm,27 %,,,93 °C,,,,,,,,,,,,,,843 m
,1058 rpm,25 %,,,93 °C,,,,,,,,,,,,,,843 m
,976 rpm,25 %,,,93 °C,,,,,,,,,,,,,,843 m
,911 rpm,25 %,,,93 °C,,,,,,,,,,,,,,843 m
,775 rpm,25 %,,,93 °C,,,,,,,,,,,,,,843 m
,738 rpm,25 %,,,93 °C,,,,,,,,,,,,,,843 m
,688 rpm,27 %,,,93 °C,,,,,,,,,,,,,,843 m
,659 rpm,27 %,,,93 °C,,,,,,,,,,,,,,843 m
,639 rpm,29 %,,,93 °C,,,,,,,,,,,,,,843 m
,616 rpm,31 %,,,93 °C,,,,,,,,,,,,,,843 m
,617 rpm,32 %,,,92 °C,,,,,,,,,,,,,,843 m
,638 rpm,32 %,,,92 °C,,,,,,,,,,,,,,843 m
,661 rpm,32 %,,,93 °C,,,,,,,,,,,,,,843 m
,704 rpm,31 %,,,93 °C,,,,,,,,,,,,,,843 m
,718 rpm,31 %,,,93 °C,,,,,,,,,,,,,,843 m
,721 rpm,30 %,,,93 °C,,,,,,,,,,,,,,843 m
,716 rpm,29 %,,,92 °C,,,,,,,,,,,,,,843 m
,694 rpm,29 %,,,92 °C,,,,,,,,,,,,,,843 m
,682 rpm,29 %,,,92 °C,,,,,,,,,,,,,,843 m
,669 rpm,28 %,,,92 °C,,,,,,,,,,,,,,843 m
,664 rpm,27 %,,,92 °C,,,,,,,,,,,,,,843 m
,665 rpm,27 %,,,92 °C,,,,,,,,,,,,,,843 m
,674 rpm,27 %,,,92 °C,,,,,,,,,,,,,,843 m
,674 rpm,27 %,,,92 °C,,,,,,,,,,,,,,843 m
,678 rpm,27 %,,,92 °C,,,,,,,,,,,,,,843 m
,677 rpm,27 %,,,92 °C,,,,,,,,,,,,,,843 m
,674 rpm,27 %,,,92 °C,,,,,,,,,,,,,,843 m
,670 rpm,27 %,,,92 °C,,,,,,,,,,,,,,843 m
,667 rpm,27 %,,,92 °C,,,,,,,,,,,,,,843 m
,663 rpm,26 %,,,92 °C,,,,,,,,,,,,,,843 m
,659 rpm,25 %,,,92 °C,,,,,,,,,,,,,,843 m
,637 rpm,25 %,,,92 °C,,,,,,,,,,,,,,843 m
,614 rpm,25 %,,,92 °C,,,,,,,,,,,,,,843 m
,595 rpm,27 %,,,92 °C,,,,,,,,,,,,,,843 m
,569 rpm,29 %,,,92 °C,,,,,,,,,,,,,,843 m
,572 rpm,30 %,,,92 °C,,,,,,,,,,,,,,843 m
,607 rpm,30 %,,,92 °C,,,,,,,,,,,,,,843 m
,625 rpm,30 %,,,92 °C,,,,,,,,,,,,,,843 m
,661 rpm,29 %,,,92 °C,,,,,,,,,,,,,,843 m
,696 rpm,29 %,,,92 °C,,,,,,,,,,,,,,843 m
,696 rpm,27 %,,,92 °C,,,,,,,,,,,,,,843 m
,684 rpm,27 %,,,92 °C,,,,,,,,,,,,,,843 m
,680 rpm,26 %,,,92 °C,,,,,,,,,,,,,,843 m
,674 rpm,27 %,,,92 °C,,,,,,,,,,,,,,843 m
,675 rpm,27 %,,,92 °C,,,,,,,,,,,,,,843 m
,718 rpm,27 %,,,92 °C,,,,,,,,,,,,,,843 m
,737 rpm,27 %,,,92 °C,,,,,,,,,,,,,,843 m
,768 rpm,26 %,,,92 °C,,,,,,,,,,,,,,843 m
,774 rpm,25 %,,,92 °C,,,,,,,,,,,,,,843 m
,785 rpm,25 %,,,92 °C,,,,,,,,,,,,,,843 m
,775 rpm,24 %,,,92 °C,,,,,,,,,,,,,,843 m
,753 rpm,23 %,,,92 °C,,,,,,,,,,,,,,843 m
,710 rpm,23 %,,,92 °C,,,,,,,,,,,,,,843 m
,681 rpm,32 %,,,92 °C,,,,,,,,,,,,,,843 m
,653 rpm,45 %,,,92 °C,,,,,,,,,,,,,,843 m
,735 rpm,60 %,,,92 °C,,,,,,,,,,,,,,843 m
,939 rpm,53 %,,,92 °C,,,,,,,,,,,,,,843 m
,1257 rpm,45 %,,,92 °C,,,,,,,,,,,,,,843 m
,1203 rpm,40 %,,,92 °C,,,,,,,,,,,,,,843 m
,1127 rpm,36 %,,,92 °C,,,,,,,,,,,,,,843 m
,1053 rpm,31 %,,,92 °C,,,,,,,,,,,,,,843 m
,997 rpm,28 %,,,92 °C,,,,,,,,,,,,,,843 m
,944 rpm,26 %,,,92 °C,,,,,,,,,,,,,,843 m
,861 rpm,25 %,,,92 °C,,,,,,,,,,,,,,843 m
,809 rpm,25 %,,,92 °C,,,,,,,,,,,,,,843 m
,765 rpm,28 %,,,92 °C,,,,,,,,,,,,,,843 m
,765 rpm,30 %,,,92 °C,,,,,,,,,,,,,,843 m
,840 rpm,30 %,,,92 °C,,,,,,,,,,,,,,843 m
,933 rpm,29 %,,,92 °C,,,,,,,,,,,,,,843 m
,948 rpm,29 %,,,92 °C,,,,,,,,,,,,,,843 m
,944 rpm,35 %,,,92 °C,,,,,,,,,,,,,,843 m
,916 rpm,73 %,,,92 °C,,,,,,,,,,,,,,843 m
,1086 rpm,61 %,,,92 °C,,,,,,,,,,,,,,843 m
,1254 rpm,55 %,,,92 °C,,,,,,,,,,,,,,843 m
,1380 rpm,49 %,,,91 °C,,,,,,,,,,,,,,843 m
,1204 rpm,39 %,,,91 °C,,,,,,,,,,,,,,843 m
,1119 rpm,35 %,,,92 °C,,,,,,,,,,,,,,843 m
,1061 rpm,33 %,,,92 °C,,,,,,,,,,,,,,843 m
,1006 rpm,30 %,,,91 °C,,,,,,,,,,,,,,843 m
,951 rpm,31 %,,,91 °C,,,,,,,,,,,,,,843 m
,933 rpm,57 %,,,92 °C,,,,,,,,,,,,,,843 m
,1096 rpm,57 %,,,91 °C,,,,,,,,,,,,,,843 m
,1263 rpm,52 %,,,91 °C,,,,,,,,,,,,,,843 m
,1334 rpm,44 %,,,92 °C,,,,,,,,,,,,,,843 m
,1239 rpm,38 %,,,92 °C,,,,,,,,,,,,,,843 m
,1135 rpm,36 %,,,91 °C,,,,,,,,,,,,,,843 m
,1044 rpm,36 %,,,91 °C,,,,,,,,,,,,,,843 m
,1049 rpm,31 %,,,91 °C,,,,,,,,,,,,,,843 m
,936 rpm,27 %,,,91 °C,,,,,,,,,,,,,,843 m
,908 rpm,27 %,,,91 °C,,,,,,,,,,,,,,843 m
,875 rpm,38 %,,,91 °C,,,,,,,,,,,,,,843 m
,927 rpm,67 %,,,91 °C,,,,,,,,,,,,,,843 m
,1128 rpm,51 %,,,91 °C,,,,,,,,,,,,,,843 m
,1392 rpm,38 %,,,91 °C,,,,,,,,,,,,,,843 m
,1492 rpm,30 %,,,90 °C,,,,,,,,,,,,,,843 m
,1532 rpm,29 %,,,91 °C,,,,,,,,,,,,,,843 m
,1849 rpm,67 %,,,91 °C,,,,,,,,,,,,,,843 m
,2234 rpm,40 %,,,90 °C,,,,,,,,,,,,,,843 m
,2286 rpm,22 %,,,90 °C,,,,,,,,,,,,,,843 m
,2315 rpm,18 %,,,90 °C,,,,,,,,,,,,,,843 m
,2303 rpm,15 %,,,90 °C,,,,,,,,,,,,,,843 m
,2262 rpm,52 %,,,91 °C,,,,,,,,,,,,,,843 m
,2437 rpm,55 %,,,90 °C,,,,,,,,,,,,,,843 m
,2776 rpm,29 %,,,90 °C,,,,,,,,,,,,,,843 m
,2848 rpm,19 %,,,90 °C,,,,,,,,,,,,,,843 m
,2816 rpm,13 %,,,90 °C,,,,,,,,,,,,,,843 m
,2741 rpm,12 %,,,90 °C,,,,,,,,,,,,,,843 m
,2644 rpm,11 %,,,90 °C,,,,,,,,,,,,,,843 m
,2520 rpm,24 %,,,90 °C,,,,,,,,,,,,,,843 m
,2572 rpm,21 %,,,90 °C,,,,,,,,,,,,,,843 m
,2487 rpm,14 %,,,90 °C,,,,,,,,,,,,,,843 m
,2357 rpm,11 %,,,90 °C,,,,,,,,,,,,,,843 m
,2212 rpm,11 %,,,90 °C,,,,,,,,,,,,,,843 m
,2113 rpm,56 %,,,90 °C,,,,,,,,,,,,,,843 m
,2073 rpm,73 %,,,90 °C,,,,,,,,,,,,,,843 m
,2609 rpm,42 %,,,90 °C,,,,,,,,,,,,,,843 m
,2811 rpm,24 %,,,90 °C,,,,,,,,,,,,,,843 m
,2846 rpm,16 %,,,90 °C,,,,,,,,,,,,,,843 m
,2787 rpm,12 %,,,90 °C,,,,,,,,,,,,,,843 m
,2653 rpm,11 %,,,90 °C,,,,,,,,,,,,,,843 m
,2507 rpm,12 %,,,90 °C,,,,,,,,,,,,,,843 m
,2404 rpm,52 %,,,90 °C,,,,,,,,,,,,,,843 m
,2390 rpm,37 %,,,90 °C,,,,,,,,,,,,,,843 m
,2418 rpm,23 %,,,90 °C,,,,,,,,,,,,,,843 m
,2461 rpm,41 %,,,90 °C,,,,,,,,,,,,,,843 m
,2521 rpm,65 %,,,90 °C,,,,,,,,,,,,,,843 m
,2539 rpm,33 %,,,90 °C,,,,,,,,,,,,,,843 m
,2692 rpm,22 %,,,89 °C,,,,,,,,,,,,,,843 m
,2607 rpm,13 %,,,90 °C,,,,,,,,,,,,,,843 m
,2470 rpm,11 %,,,90 °C,,,,,,,,,,,,,,843 m
,2366 rpm,22 %,,,88 °C,,,,,,,,,,,,,,843 m
,2328 rpm,73 %,,,88 °C,,,,,,,,,,,,,,843 m
,2419 rpm,73 %,,,89 °C,,,,,,,,,,,,,,843 m
,2701 rpm,64 %,,,89 °C,,,,,,,,,,,,,,843 m
,3024 rpm,32 %,,,90 °C,,,,,,,,,,,,,,843 m
,3050 rpm,16 %,,,89 °C,,,,,,,,,,,,,,843 m
,2903 rpm,13 %,,,89 °C,,,,,,,,,,,,,,843 m
,2763 rpm,11 %,,,90 °C,,,,,,,,,,,,,,843 m
,2670 rpm,73 %,,,90 °C,,,,,,,,,,,,,,843 m
,2710 rpm,73 %,,,89 °C,,,,,,,,,,,,,,843 m
,3114 rpm,53 %,,,89 °C,,,,,,,,,,,,,,843 m
,3357 rpm,18 %,,,89 °C,,,,,,,,,,,,,,843 m
,3229 rpm,13 %,,,89 °C,,,,,,,,,,,,,,843 m
,3075 rpm,11 %,,,89 °C,,,,,,,,,,,,,,843 m
,2925 rpm,15 %,,,89 °C,,,,,,,,,,,,,,843 m
,2824 rpm,73 %,,,89 °C,,,,,,,,,,,,,,843 m
,2833 rpm,62 %,,,89 °C,,,,,,,,,,,,,,843 m
,3313 rpm,28 %,,,90 °C,,,,,,,,,,,,,,843 m
,3299 rpm,16 %,,,90 °C,,,,,,,,,,,,,,843 m
,3151 rpm,11 %,,,89 °C,,,,,,,,,,,,,,843 m
,3004 rpm,10 %,,,89 °C,,,,,,,,,,,,,,843 m
,2845 rpm,22 %,,,89 °C,,,,,,,,,,,,,,843 m
,2779 rpm,73 %,,,88 °C,,,,,,,,,,,,,,843 m
,3187 rpm,49 %,,,88 °C,,,,,,,,,,,,,,843 m
,3251 rpm,24 %,,,89 °C,,,,,,,,,,,,,,843 m
,3203 rpm,14 %,,,89 °C,,,,,,,,,,,,,,843 m
,3053 rpm,12 %,,,88 °C,,,,,,,,,,,,,,843 m
,2900 rpm,11 %,,,89 °C,,,,,,,,,,,,,,843 m
,2597 rpm,11 %,,,89 °C,,,,,,,,,,,,,,843 m
,2440 rpm,12 %,,,88 °C,,,,,,,,,,,,,,843 m
,2284 rpm,12 %,,,88 °C,,,,,,,,,,,,,,843 m
,2140 rpm,12 %,,,89 °C,,,,,,,,,,,,,,843 m
,1985 rpm,12 %,,,89 °C,,,,,,,,,,,,,,843 m
,1844 rpm,12 %,,,89 °C,,,,,,,,,,,,,,843 m
,1550 rpm,12 %,,,88 °C,,,,,,,,,,,,,,843 m
,1406 rpm,11 %,,,88 °C,,,,,,,,,,,,,,843 m
,1331 rpm,12 %,,,89 °C,,,,,,,,,,,,,,843 m
,1259 rpm,13 %,,,89 °C,,,,,,,,,,,,,,843 m
,1221 rpm,14 %,,,88 °C,,,,,,,,,,,,,,843 m
,1178 rpm,13 %,,,88 °C,,,,,,,,,,,,,,843 m
,1119 rpm,13 %,,,88 °C,,,,,,,,,,,,,,843 m
,1010 rpm,13 %,,,88 °C,,,,,,,,,,,,,,843 m
,961 rpm,15 %,,,88 °C,,,,,,,,,,,,,,843 m
,921 rpm,15 %,,,89 °C,,,,,,,,,,,,,,843 m
,899 rpm,16 %,,,89 °C,,,,,,,,,,,,,,843 m
,875 rpm,17 %,,,88 °C,,,,,,,,,,,,,,843 m
,847 rpm,49 %,,,90 °C,,,,,,,,,,,,,,843 m
,897 rpm,76 %,,,90 °C,,,,,,,,,,,,,,843 m
,1088 rpm,75 %,,,88 °C,,,,,,,,,,,,,,843 m
,1517 rpm,74 %,,,88 °C,,,,,,,,,,,,,,843 m
,1816 rpm,73 %,,,88 °C,,,,,,,,,,,,,,843 m
,2076 rpm,53 %,,,88 °C,,,,,,,,,,,,,,843 m
,2232 rpm,25 %,,,89 °C,,,,,,,,,,,,,,843 m
,2519 rpm,34 %,,,89 °C,,,,,,,,,,,,,,843 m
,2632 rpm,24 %,,,89 °C,,,,,,,,,,,,,,843 m
,2708 rpm,55 %,,,89 °C,,,,,,,,,,,,,,843 m
,2699 rpm,30 %,,,89 °C,,,,,,,,,,,,,,843 m
,2839 rpm,22 %,,,89 °C,,,,,,,,,,,,,,843 m
,2885 rpm,58 %,,,90 °C,,,,,,,,,,,,,,843 m
,3055 rpm,28 %,,,90 °C,,,,,,,,,,,,,,843 m
,3117 rpm,18 %,,,90 °C,,,,,,,,,,,,,,843 m
,3062 rpm,14 %,,,90 °C,,,,,,,,,,,,,,843 m
,3064 rpm,64 %,,,90 °C,,,,,,,,,,,,,,843 m
,3196 rpm,31 %,,,90 °C,,,,,,,,,,,,,,843 m
,3292 rpm,15 %,,,90 °C,,,,,,,,,,,,,,843 m
,3187 rpm,12 %,,,90 °C,,,,,,,,,,,,,,843 m
,3144 rpm,47 %,,,90 °C,,,,,,,,,,,,,,843 m
,3200 rpm,57 %,,,90 °C,,,,,,,,,,,,,,843 m
,3411 rpm,24 %,,,90 °C,,,,,,,,,,,,,,843 m
,3459 rpm,15 %,,,90 °C,,,,,,,,,,,,,,843 m
,3392 rpm,12 %,,,90 °C,,,,,,,,,,,,,,843 m
,3289 rpm,11 %,,,90 °C,,,,,,,,,,,,,,843 m
,3112 rpm,73 %,,,90 °C,,,,,,,,,,,,,,843 m
,3238 rpm,52 %,,,90 °C,,,,,,,,,,,,,,843 m
,3347 rpm,19 %,,,89 °C,,,,,,,,,,,,,,843 m
,3346 rpm,14 %,,,89 °C,,,,,,,,,,,,,,843 m
,3244 rpm,12 %,,,90 °C,,,,,,,,,,,,,,843 m
,3157 rpm,70 %,,,90 °C,,,,,,,,,,,,,,843 m
,3091 rpm,64 %,,,90 °C,,,,,,,,,,,,,,843 m
,3353 rpm,22 %,,,90 °C,,,,,,,,,,,,,,843 m
,3326 rpm,15 %,,,90 °C,,,,,,,,,,,,,,843 m
,3216 rpm,12 %,,,90 °C,,,,,,,,,,,,,,843 m
,3098 rpm,11 %,,,90 °C,,,,,,,,,,,,,,843 m
,2976 rpm,71 %,,,89 °C,,,,,,,,,,,,,,843 m
,2893 rpm,66 %,,,90 °C,,,,,,,,,,,,,,843 m
,3090 rpm,24 %,,,90 °C,,,,,,,,,,,,,,843 m
,3123 rpm,16 %,,,90 °C,,,,,,,,,,,,,,843 m
,2999 rpm,13 %,,,90 °C,,,,,,,,,,,,,,843 m
,2886 rpm,12 %,,,90 °C,,,,,,,,,,,,,,843 m
,2774 rpm,13 %,,,90 °C,,,,,,,,,,,,,,843 m
,2629 rpm,13 %,,,90 °C,,,,,,,,,,,,,,843 m
,2477 rpm,14 %,,,90 °C,,,,,,,,,,,,,,843 m
,2194 rpm,14 %,,,90 °C,,,,,,,,,,,,,,843 m
,2045 rpm,14 %,,,90 °C,,,,,,,,,,,,,,843 m
,1909 rpm,13 %,,,90 °C,,,,,,,,,,,,,,843 m
,1765 rpm,13 %,,,90 °C,,,,,,,,,,,,,,843 m
,1605 rpm,13 %,,,90 °C,,,,,,,,,,,,,,843 m
,1471 rpm,12 %,,,90 °C,,,,,,,,,,,,,,843 m
,1308 rpm,12 %,,,90 °C,,,,,,,,,,,,,,843 m
,1271 rpm,13 %,,,90 °C,,,,,,,,,,,,,,843 m
,1231 rpm,13 %,,,90 °C,,,,,,,,,,,,,,843 m
,1165 rpm,13 %,,,90 °C,,,,,,,,,,,,,,843 m
,1069 rpm,13 %,,,90 °C,,,,,,,,,,,,,,843 m
,988 rpm,15 %,,,90 °C,,,,,,,,,,,,,,843 m
,931 rpm,16 %,,,90 °C,,,,,,,,,,,,,,843 m
,878 rpm,16 %,,,90 °C,,,,,,,,,,,,,,843 m
,806 rpm,17 %,,,90 °C,,,,,,,,,,,,,,843 m
,772 rpm,17 %,,,90 °C,,,,,,,,,,,,,,843 m
,753 rpm,17 %,,,90 °C,,,,,,,,,,,,,,843 m
,736 rpm,17 %,,,90 °C,,,,,,,,,,,,,,843 m
,695 rpm,17 %,,,90 °C,,,,,,,,,,,,,,843 m
,629 rpm,18 %,,,90 °C,,,,,,,,,,,,,,843 m
,534 rpm,20 %,,,90 °C,,,,,,,,,,,,,,843 m
,528 rpm,22 %,,,90 °C,,,,,,,,,,,,,,843 m
,539 rpm,24 %,,,90 °C,,,,,,,,,,,,,,843 m
,559 rpm,25 %,,,90 °C,,,,,,,,,,,,,,843 m
,578 rpm,26 %,,,90 °C,,,,,,,,,,,,,,843 m
,590 rpm,27 %,,,90 °C,,,,,,,,,,,,,,843 m
,627 rpm,27 %,,,90 °C,,,,,,,,,,,,,,843 m
,680 rpm,26 %,,,90 °C,,,,,,,,,,,,,,843 m
,637 rpm,25 %,,,90 °C,,,,,,,,,,,,,,843 m
,667 rpm,25 %,,,90 °C,,,,,,,,,,,,,,843 m
,674 rpm,24 %,,,90 °C,,,,,,,,,,,,,,843 m
,648 rpm,23 %,,,90 °C,,,,,,,,,,,,,,843 m
,667 rpm,22 %,,,90 °C,,,,,,,,,,,,,,843 m
,666 rpm,21 %,,,90 °C,,,,,,,,,,,,,,843 m
,665 rpm,21 %,,,90 °C,,,,,,,,,,,,,,843 m
,663 rpm,21 %,,,90 °C,,,,,,,,,,,,,,843 m
,668 rpm,20 %,,,90 °C,,,,,,,,,,,,,,843 m
,657 rpm,20 %,,,90 °C,,,,,,,,,,,,,,843 m
,664 rpm,20 %,,,90 °C,,,,,,,,,,,,,,843 m
,659 rpm,20 %,,,90 °C,,,,,,,,,,,,,,843 m
,660 rpm,20 %,,,90 °C,,,,,,,,,,,,,,843 m
,657 rpm,20 %,,,90 °C,,,,,,,,,,,,,,843 m
,662 rpm,20 %,,,90 °C,,,,,,,,,,,,,,843 m
,653 rpm,20 %,,,90 °C,,,,,,,,,,,,,,843 m
,655 rpm,20 %,,,90 °C,,,,,,,,,,,,,,843 m
,652 rpm,20 %,,,90 °C,,,,,,,,,,,,,,843 m
,655 rpm,20 %,,,90 °C,,,,,,,,,,,,,,843 m
,661 rpm,20 %,,,90 °C,,,,,,,,,,,,,,843 m
,658 rpm,20 %,,,90 °C,,,,,,,,,,,,,,843 m
,663 rpm,20 %,,,90 °C,,,,,,,,,,,,,,843 m
,658 rpm,20 %,,,90 °C,,,,,,,,,,,,,,843 m
,664 rpm,20 %,,,90 °C,,,,,,,,,,,,,,843 m
,658 rpm,20 %,,,90 °C,,,,,,,,,,,,,,843 m
,660 rpm,20 %,,,90 °C,,,,,,,,,,,,,,843 m
,658 rpm,20 %,,,90 °C,,,,,,,,,,,,,,843 m
,666 rpm,20 %,,,90 °C,,,,,,,,,,,,,,843 m
,657 rpm,20 %,,,90 °C,,,,,,,,,,,,,,843 m
,663 rpm,20 %,,,90 °C,,,,,,,,,,,,,,843 m
,652 rpm,20 %,,,90 °C,,,,,,,,,,,,,,843 m
,656 rpm,20 %,,,90 °C,,,,,,,,,,,,,,843 m
,659 rpm,20 %,,,90 °C,,,,,,,,,,,,,,843 m
,659 rpm,20 %,,,90 °C,,,,,,,,,,,,,,843 m
,661 rpm,20 %,,,90 °C,,,,,,,,,,,,,,843 m
,665 rpm,20 %,,,90 °C,,,,,,,,,,,,,,843 m
,657 rpm,20 %,,,90 °C,,,,,,,,,,,,,,843 m
,656 rpm,20 %,,,90 °C,,,,,,,,,,,,,,843 m
,667 rpm,20 %,,,90 °C,,,,,,,,,,,,,,843 m
,651 rpm,20 %,,,91 °C,,,,,,,,,,,,,,843 m
,653 rpm,20 %,,,91 °C,,,,,,,,,,,,,,843 m
,655 rpm,20 %,,,90 °C,,,,,,,,,,,,,,843 m
,654 rpm,20 %,,,90 °C,,,,,,,,,,,,,,843 m
,654 rpm,20 %,,,91 °C,,,,,,,,,,,,,,843 m
,651 rpm,20 %,,,90 °C,,,,,,,,,,,,,,843 m
,651 rpm,20 %,,,90 °C,,,,,,,,,,,,,,843 m
,655 rpm,21 %,,,91 °C,,,,,,,,,,,,,,843 m
,658 rpm,21 %,,,91 °C,,,,,,,,,,,,,,843 m
,663 rpm,21 %,,,90 °C,,,,,,,,,,,,,,843 m
,659 rpm,22 %,,,91 °C,,,,,,,,,,,,,,843 m
,667 rpm,22 %,,,91 °C,,,,,,,,,,,,,,843 m
,660 rpm,22 %,,,91 °C,,,,,,,,,,,,,,843 m
,662 rpm,22 %,,,91 °C,,,,,,,,,,,,,,843 m
,670 rpm,22 %,,,91 °C,,,,,,,,,,,,,,843 m
,651 rpm,22 %,,,91 °C,,,,,,,,,,,,,,843 m
,672 rpm,21 %,,,91 °C,,,,,,,,,,,,,,843 m
,657 rpm,21 %,,,91 °C,,,,,,,,,,,,,,843 m
,669 rpm,21 %,,,91 °C,,,,,,,,,,,,,,843 m
,657 rpm,21 %,,,91 °C,,,,,,,,,,,,,,843 m
,657 rpm,21 %,,,91 °C,,,,,,,,,,,,,,843 m
,661 rpm,21 %,,,91 °C,,,,,,,,,,,,,,843 m
,655 rpm,21 %,,,91 °C,,,,,,,,,,,,,,843 m
,661 rpm,21 %,,,91 °C,,,,,,,,,,,,,,843 m
,661 rpm,21 %,,,90 °C,,,,,,,,,,,,,,843 m
,664 rpm,21 %,,,90 °C,,,,,,,,,,,,,,843 m
,664 rpm,21 %,,,91 °C,,,,,,,,,,,,,,843 m
,658 rpm,21 %,,,91 °C,,,,,,,,,,,,,,843 m
,663 rpm,21 %,,,91 °C,,,,,,,,,,,,,,843 m
,662 rpm,21 %,,,91 °C,,,,,,,,,,,,,,843 m
,670 rpm,21 %,,,91 °C,,,,,,,,,,,,,,843 m
,661 rpm,22 %,,,91 °C,,,,,,,,,,,,,,843 m
,668 rpm,22 %,,,91 °C,,,,,,,,,,,,,,843 m
,665 rpm,22 %,,,91 °C,,,,,,,,,,,,,,843 m
,663 rpm,22 %,,,91 °C,,,,,,,,,,,,,,843 m
,665 rpm,22 %,,,91 °C,,,,,,,,,,,,,,843 m
,660 rpm,22 %,,,91 °C,,,,,,,,,,,,,,843 m
,668 rpm,22 %,,,91 °C,,,,,,,,,,,,,,843 m
,665 rpm,21 %,,,91 °C,,,,,,,,,,,,,,843 m
,659 rpm,21 %,,,91 °C,,,,,,,,,,,,,,843 m
,661 rpm,21 %,,,91 °C,,,,,,,,,,,,,,843 m
,664 rpm,21 %,,,91 °C,,,,,,,,,,,,,,843 m
,666 rpm,21 %,,,91 °C,,,,,,,,,,,,,,843 m
,659 rpm,21 %,,,92 °C,,,,,,,,,,,,,,843 m
,666 rpm,21 %,,,92 °C,,,,,,,,,,,,,,843 m
,659 rpm,21 %,,,90 °C,,,,,,,,,,,,,,843 m
,666 rpm,21 %,,,90 °C,,,,,,,,,,,,,,843 m
,652 rpm,21 %,,,91 °C,,,,,,,,,,,,,,843 m
,662 rpm,21 %,,,91 °C,,,,,,,,,,,,,,843 m
,661 rpm,20 %,,,91 °C,,,,,,,,,,,,,,843 m
,657 rpm,21 %,,,91 °C,,,,,,,,,,,,,,843 m
,666 rpm,20 %,,,91 °C,,,,,,,,,,,,,,843 m
,655 rpm,20 %,,,92 °C,,,,,,,,,,,,,,843 m
,665 rpm,20 %,,,92 °C,,,,,,,,,,,,,,843 m
,659 rpm,20 %,,,91 °C,,,,,,,,,,,,,,843 m
,661 rpm,20 %,,,91 °C,,,,,,,,,,,,,,843 m
,663 rpm,20 %,,,91 °C,,,,,,,,,,,,,,843 m
,665 rpm,20 %,,,91 °C,,,,,,,,,,,,,,843 m
,657 rpm,20 %,,,91 °C,,,,,,,,,,,,,,843 m
,664 rpm,20 %,,,91 °C,,,,,,,,,,,,,,843 m
,660 rpm,20 %,,,91 °C,,,,,,,,,,,,,,843 m
,662 rpm,20 %,,,91 °C,,,,,,,,,,,,,,843 m
,670 rpm,20 %,,,91 °C,,,,,,,,,,,,,,843 m
,661 rpm,20 %,,,91 °C,,,,,,,,,,,,,,843 m
,669 rpm,20 %,,,91 °C,,,,,,,,,,,,,,843 m
,666 rpm,20 %,,,91 °C,,,,,,,,,,,,,,843 m
,669 rpm,20 %,,,91 °C,,,,,,,,,,,,,,843 m
,657 rpm,20 %,,,91 °C,,,,,,,,,,,,,,843 m
,668 rpm,20 %,,,91 °C,,,,,,,,,,,,,,843 m
,659 rpm,20 %,,,91 °C,,,,,,,,,,,,,,843 m
,663 rpm,20 %,,,91 °C,,,,,,,,,,,,,,843 m
,662 rpm,20 %,,,91 °C,,,,,,,,,,,,,,843 m
,660 rpm,20 %,,,91 °C,,,,,,,,,,,,,,843 m
,665 rpm,20 %,,,91 °C,,,,,,,,,,,,,,843 m
,668 rpm,20 %,,,91 °C,,,,,,,,,,,,,,843 m
,660 rpm,20 %,,,91 °C,,,,,,,,,,,,,,843 m
,666 rpm,20 %,,,91 °C,,,,,,,,,,,,,,843 m
,661 rpm,20 %,,,91 °C,,,,,,,,,,,,,,843 m
,664 rpm,20 %,,,91 °C,,,,,,,,,,,,,,843 m
,664 rpm,20 %,,,91 °C,,,,,,,,,,,,,,843 m
,663 rpm,20 %,,,91 °C,,,,,,,,,,,,,,843 m
,655 rpm,20 %,,,91 °C,,,,,,,,,,,,,,843 m
,661 rpm,20 %,,,91 °C,,,,,,,,,,,,,,843 m
,669 rpm,20 %,,,91 °C,,,,,,,,,,,,,,843 m
,661 rpm,20 %,,,91 °C,,,,,,,,,,,,,,843 m
,667 rpm,20 %,,,91 °C,,,,,,,,,,,,,,843 m
,658 rpm,20 %,,,91 °C,,,,,,,,,,,,,,843 m
,668 rpm,20 %,,,91 °C,,,,,,,,,,,,,,843 m
,662 rpm,19 %,,,91 °C,,,,,,,,,,,,,,843 m
,667 rpm,19 %,,,91 °C,,,,,,,,,,,,,,843 m
,660 rpm,20 %,,,91 °C,,,,,,,,,,,,,,843 m
,662 rpm,20 %,,,91 °C,,,,,,,,,,,,,,843 m
,667 rpm,20 %,,,91 °C,,,,,,,,,,,,,,843 m
,659 rpm,20 %,,,91 °C,,,,,,,,,,,,,,843 m
,664 rpm,20 %,,,91 °C,,,,,,,,,,,,,,843 m
,664 rpm,20 %,,,91 °C,,,,,,,,,,,,,,843 m
,667 rpm,20 %,,,91 °C,,,,,,,,,,,,,,843 m
,667 rpm,20 %,,,91 °C,,,,,,,,,,,,,,843 m
,667 rpm,20 %,,,91 °C,,,,,,,,,,,,,,843 m
,662 rpm,20 %,,,92 °C,,,,,,,,,,,,,,843 m
,664 rpm,20 %,,,91 °C,,,,,,,,,,,,,,843 m
,668 rpm,20 %,,,91 °C,,,,,,,,,,,,,,843 m
,663 rpm,20 %,,,91 °C,,,,,,,,,,,,,,843 m
,671 rpm,20 %,,,91 °C,,,,,,,,,,,,,,843 m
,667 rpm,20 %,,,91 °C,,,,,,,,,,,,,,843 m
,662 rpm,19 %,,,91 °C,,,,,,,,,,,,,,843 m
,662 rpm,19 %,,,91 °C,,,,,,,,,,,,,,843 m
,661 rpm,19 %,,,91 °C,,,,,,,,,,,,,,843 m
,658 rpm,19 %,,,91 °C,,,,,,,,,,,,,,843 m
,661 rpm,19 %,,,91 °C,,,,,,,,,,,,,,843 m
,659 rpm,19 %,,,91 °C,,,,,,,,,,,,,,843 m
,660 rpm,19 %,,,91 °C,,,,,,,,,,,,,,843 m
,660 rpm,19 %,,,91 °C,,,,,,,,,,,,,,843 m
,658 rpm,18 %,,,91 °C,,,,,,,,,,,,,,843 m
,659 rpm,18 %,,,91 °C,,,,,,,,,,,,,,843 m
,660 rpm,18 %,,,91 °C,,,,,,,,,,,,,,843 m
,660 rpm,18 %,,,91 °C,,,,,,,,,,,,,,843 m
,664 rpm,18 %,,,90 °C,,,,,,,,,,,,,,843 m
,659 rpm,18 %,,,90 °C,,,,,,,,,,,,,,843 m
,658 rpm,18 %,,,91 °C,,,,,,,,,,,,,,843 m
,663 rpm,19 %,,,91 °C,,,,,,,,,,,,,,843 m
,660 rpm,19 %,,,91 °C,,,,,,,,,,,,,,843 m
,664 rpm,19 %,,,91 °C,,,,,,,,,,,,,,843 m
,662 rpm,19 %,,,91 °C,,,,,,,,,,,,,,843 m
,665 rpm,19 %,,,91 °C,,,,,,,,,,,,,,843 m
,657 rpm,19 %,,,91 °C,,,,,,,,,,,,,,843 m
,662 rpm,19 %,,,91 °C,,,,,,,,,,,,,,843 m
,657 rpm,19 %,,,91 °C,,,,,,,,,,,,,,843 m
,663 rpm,19 %,,,92 °C,,,,,,,,,,,,,,843 m
,663 rpm,19 %,,,91 °C,,,,,,,,,,,,,,843 m
,664 rpm,19 %,,,91 °C,,,,,,,,,,,,,,843 m
,659 rpm,19 %,,,91 °C,,,,,,,,,,,,,,843 m
,661 rpm,19 %,,,91 °C,,,,,,,,,,,,,,843 m
,664 rpm,19 %,,,91 °C,,,,,,,,,,,,,,843 m
,662 rpm,19 %,,,91 °C,,,,,,,,,,,,,,843 m
,660 rpm,19 %,,,91 °C,,,,,,,,,,,,,,843 m
,661 rpm,19 %,,,91 °C,,,,,,,,,,,,,,843 m
,663 rpm,19 %,,,91 °C,,,,,,,,,,,,,,843 m
,658 rpm,19 %,,,92 °C,,,,,,,,,,,,,,843 m
,661 rpm,19 %,,,92 °C,,,,,,,,,,,,,,843 m
,657 rpm,19 %,,,91 °C,,,,,,,,,,,,,,843 m
,659 rpm,18 %,,,91 °C,,,,,,,,,,,,,,843 m
,656 rpm,18 %,,,91 °C,,,,,,,,,,,,,,843 m
,659 rpm,18 %,,,92 °C,,,,,,,,,,,,,,843 m
,654 rpm,18 %,,,92 °C,,,,,,,,,,,,,,843 m
,659 rpm,18 %,,,92 °C,,,,,,,,,,,,,,843 m
,658 rpm,18 %,,,91 °C,,,,,,,,,,,,,,843 m
,659 rpm,18 %,,,91 °C,,,,,,,,,,,,,,843 m
,660 rpm,18 %,,,91 °C,,,,,,,,,,,,,,843 m
,659 rpm,18 %,,,91 °C,,,,,,,,,,,,,,843 m
,660 rpm,18 %,,,91 °C,,,,,,,,,,,,,,843 m
,665 rpm,18 %,,,91 °C,,,,,,,,,,,,,,843 m
,658 rpm,19 %,,,92 °C,,,,,,,,,,,,,,843 m
,662 rpm,19 %,,,92 °C,,,,,,,,,,,,,,843 m
,662 rpm,19 %,,,92 °C,,,,,,,,,,,,,,843 m
,665 rpm,19 %,,,91 °C,,,,,,,,,,,,,,843 m
,662 rpm,19 %,,,91 °C,,,,,,,,,,,,,,843 m
,667 rpm,19 %,,,92 °C,,,,,,,,,,,,,,843 m
,665 rpm,20 %,,,92 °C,,,,,,,,,,,,,,843 m
,664 rpm,20 %,,,91 °C,,,,,,,,,,,,,,843 m
,665 rpm,20 %,,,92 °C,,,,,,,,,,,,,,843 m
,663 rpm,20 %,,,92 °C,,,,,,,,,,,,,,843 m
,667 rpm,19 %,,,92 °C,,,,,,,,,,,,,,843 m
,1518 rpm,15 %,,,92 °C,,,,,,,,,,,,,,843 m
,1519 rpm,15 %,,,92 °C,,,,,,,,,,,,,,843 m
,1517 rpm,15 %,,,92 °C,,,,,,,,,,,,,,843 m
,1517 rpm,15 %,,,92 °C,,,,,,,,,,,,,,843 m
,1510 rpm,15 %,,,92 °C,,,,,,,,,,,,,,843 m
,1505 rpm,15 %,,,92 °C,,,,,,,,,,,,,,843 m
,1507 rpm,15 %,,,92 °C,,,,,,,,,,,,,,843 m
,1506 rpm,15 %,,,92 °C,,,,,,,,,,,,,,843 m
,1509 rpm,15 %,,,92 °C,,,,,,,,,,,,,,843 m
,1514 rpm,15 %,,,92 °C,,,,,,,,,,,,,,843 m
,1515 rpm,15 %,,,92 °C,,,,,,,,,,,,,,843 m
,1519 rpm,15 %,,,92 °C,,,,,,,,,,,,,,843 m
,1521 rpm,15 %,,,92 °C,,,,,,,,,,,,,,843 m
,1520 rpm,15 %,,,92 °C,,,,,,,,,,,,,,843 m
,1516 rpm,15 %,,,92 °C,,,,,,,,,,,,,,843 m
,1520 rpm,15 %,,,92 °C,,,,,,,,,,,,,,843 m
,1521 rpm,15 %,,,92 °C,,,,,,,,,,,,,,843 m
,1521 rpm,15 %,,,92 °C,,,,,,,,,,,,,,843 m
,1524 rpm,15 %,,,92 °C,,,,,,,,,,,,,,843 m
,1521 rpm,15 %,,,92 °C,,,,,,,,,,,,,,843 m
,1520 rpm,15 %,,,92 °C,,,,,,,,,,,,,,843 m
,1522 rpm,15 %,,,92 °C,,,,,,,,,,,,,,843 m
,1520 rpm,15 %,,,92 °C,,,,,,,,,,,,,,843 m
,1514 rpm,15 %,,,92 °C,,,,,,,,,,,,,,843 m
,1516 rpm,15 %,,,92 °C,,,,,,,,,,,,,,843 m
,1516 rpm,15 %,,,92 °C,,,,,,,,,,,,,,843 m
,1516 rpm,15 %,,,92 °C,,,,,,,,,,,,,,843 m
,1514 rpm,15 %,,,92 °C,,,,,,,,,,,,,,843 m
,1517 rpm,15 %,,,92 °C,,,,,,,,,,,,,,843 m
,1518 rpm,15 %,,,92 °C,,,,,,,,,,,,,,843 m
,1516 rpm,15 %,,,92 °C,,,,,,,,,,,,,,843 m
,1519 rpm,15 %,,,92 °C,,,,,,,,,,,,,,843 m
,1517 rpm,15 %,,,92 °C,,,,,,,,,,,,,,843 m
,1515 rpm,15 %,,,92 °C,,,,,,,,,,,,,,843 m
,1518 rpm,15 %,,,92 °C,,,,,,,,,,,,,,843 m
,1520 rpm,16 %,,,92 °C,,,,,,,,,,,,,,843 m
,1536 rpm,16 %,,,92 °C,,,,,,,,,,,,,,843 m
,1547 rpm,16 %,,,92 °C,,,,,,,,,,,,,,843 m
,1556 rpm,15 %,,,92 °C,,,,,,,,,,,,,,843 m
,1560 rpm,15 %,,,92 °C,,,,,,,,,,,,,,843 m
,1564 rpm,15 %,,,92 °C,,,,,,,,,,,,,,843 m
,1560 rpm,14 %,,,92 °C,,,,,,,,,,,,,,843 m
,1554 rpm,14 %,,,92 °C,,,,,,,,,,,,,,843 m
,1537 rpm,15 %,,,92 °C,,,,,,,,,,,,,,843 m
,1531 rpm,15 %,,,92 °C,,,,,,,,,,,,,,843 m
,1526 rpm,15 %,,,92 °C,,,,,,,,,,,,,,843 m
,1524 rpm,15 %,,,92 °C,,,,,,,,,,,,,,843 m
,1525 rpm,15 %,,,92 °C,,,,,,,,,,,,,,843 m
,1529 rpm,15 %,,,92 °C,,,,,,,,,,,,,,843 m
,1529 rpm,15 %,,,92 °C,,,,,,,,,,,,,,843 m
,1535 rpm,15 %,,,92 °C,,,,,,,,,,,,,,843 m
,1548 rpm,15 %,,,92 °C,,,,,,,,,,,,,,843 m
,1553 rpm,15 %,,,92 °C,,,,,,,,,,,,,,843 m
,1560 rpm,15 %,,,92 °C,,,,,,,,,,,,,,843 m
,1566 rpm,15 %,,,92 °C,,,,,,,,,,,,,,843 m
,1570 rpm,15 %,,,92 °C,,,,,,,,,,,,,,843 m
,1571 rpm,15 %,,,92 °C,,,,,,,,,,,,,,843 m
,1571 rpm,15 %,,,92 °C,,,,,,,,,,,,,,843 m
,1568 rpm,15 %,,,92 °C,,,,,,,,,,,,,,843 m
,1565 rpm,15 %,,,92 °C,,,,,,,,,,,,,,843 m
,1564 rpm,15 %,,,92 °C,,,,,,,,,,,,,,843 m
,1558 rpm,15 %,,,92 °C,,,,,,,,,,,,,,843 m
,1554 rpm,15 %,,,92 °C,,,,,,,,,,,,,,843 m
,1538 rpm,15 %,,,92 °C,,,,,,,,,,,,,,843 m
,1537 rpm,15 %,,,92 °C,,,,,,,,,,,,,,843 m
,1532 rpm,15 %,,,92 °C,,,,,,,,,,,,,,843 m
,1533 rpm,15 %,,,92 °C,,,,,,,,,,,,,,843 m
,1533 rpm,15 %,,,92 °C,,,,,,,,,,,,,,843 m
,1534 rpm,15 %,,,92 °C,,,,,,,,,,,,,,843 m
,1532 rpm,15 %,,,92 °C,,,,,,,,,,,,,,843 m
,1536 rpm,15 %,,,92 °C,,,,,,,,,,,,,,843 m
,1536 rpm,15 %,,,92 °C,,,,,,,,,,,,,,843 m
,1539 rpm,15 %,,,92 °C,,,,,,,,,,,,,,843 m
,1543 rpm,15 %,,,92 °C,,,,,,,,,,,,,,843 m
,1541 rpm,15 %,,,92 °C,,,,,,,,,,,,,,843 m
,1546 rpm,15 %,,,92 °C,,,,,,,,,,,,,,843 m
,1547 rpm,15 %,,,92 °C,,,,,,,,,,,,,,843 m
,1548 rpm,15 %,,,92 °C,,,,,,,,,,,,,,843 m
,1546 rpm,15 %,,,92 °C,,,,,,,,,,,,,,843 m
,1542 rpm,15 %,,,92 °C,,,,,,,,,,,,,,843 m
,1541 rpm,15 %,,,92 °C,,,,,,,,,,,,,,843 m
,1540 rpm,15 %,,,92 °C,,,,,,,,,,,,,,843 m
,1535 rpm,15 %,,,92 °C,,,,,,,,,,,,,,843 m
,1536 rpm,15 %,,,92 °C,,,,,,,,,,,,,,843 m
,1530 rpm,15 %,,,92 °C,,,,,,,,,,,,,,843 m
,1529 rpm,15 %,,,92 °C,,,,,,,,,,,,,,843 m
,1531 rpm,15 %,,,92 °C,,,,,,,,,,,,,,843 m
,1529 rpm,15 %,,,92 °C,,,,,,,,,,,,,,843 m
,1532 rpm,15 %,,,92 °C,,,,,,,,,,,,,,843 m
,1534 rpm,15 %,,,92 °C,,,,,,,,,,,,,,843 m
,1536 rpm,15 %,,,92 °C,,,,,,,,,,,,,,843 m
,1533 rpm,15 %,,,92 °C,,,,,,,,,,,,,,843 m
,1536 rpm,15 %,,,92 °C,,,,,,,,,,,,,,843 m
,1534 rpm,15 %,,,92 °C,,,,,,,,,,,,,,843 m
,1536 rpm,15 %,,,92 °C,,,,,,,,,,,,,,843 m
,1534 rpm,15 %,,,93 °C,,,,,,,,,,,,,,843 m
,1538 rpm,15 %,,,92 °C,,,,,,,,,,,,,,843 m
,1539 rpm,15 %,,,92 °C,,,,,,,,,,,,,,843 m
,1540 rpm,15 %,,,92 °C,,,,,,,,,,,,,,843 m
,1541 rpm,15 %,,,92 °C,,,,,,,,,,,,,,843 m
,1540 rpm,15 %,,,92 °C,,,,,,,,,,,,,,843 m
,1539 rpm,15 %,,,92 °C,,,,,,,,,,,,,,843 m
,1540 rpm,15 %,,,92 °C,,,,,,,,,,,,,,843 m
,1543 rpm,15 %,,,93 °C,,,,,,,,,,,,,,843 m
,1549 rpm,15 %,,,93 °C,,,,,,,,,,,,,,843 m
,1556 rpm,15 %,,,92 °C,,,,,,,,,,,,,,843 m
,1561 rpm,15 %,,,93 °C,,,,,,,,,,,,,,843 m
,1577 rpm,15 %,,,93 °C,,,,,,,,,,,,,,843 m
,1582 rpm,15 %,,,92 °C,,,,,,,,,,,,,,843 m
,1588 rpm,15 %,,,92 °C,,,,,,,,,,,,,,843 m
,1595 rpm,15 %,,,92 °C,,,,,,,,,,,,,,843 m
,1600 rpm,15 %,,,92 °C,,,,,,,,,,,,,,843 m
,1605 rpm,15 %,,,92 °C,,,,,,,,,,,,,,843 m
,1612 rpm,15 %,,,92 °C,,,,,,,,,,,,,,843 m
,1615 rpm,15 %,,,92 °C,,,,,,,,,,,,,,843 m
,1618 rpm,15 %,,,93 °C,,,,,,,,,,,,,,843 m
,1618 rpm,15 %,,,93 °C,,,,,,,,,,,,,,843 m
,1618 rpm,15 %,,,93 °C,,,,,,,,,,,,,,843 m
,1619 rpm,15 %,,,93 °C,,,,,,,,,,,,,,843 m
,1615 rpm,15 %,,,93 °C,,,,,,,,,,,,,,843 m
,1612 rpm,15 %,,,92 °C,,,,,,,,,,,,,,843 m
,1611 rpm,15 %,,,92 °C,,,,,,,,,,,,,,843 m
,1614 rpm,15 %,,,92 °C,,,,,,,,,,,,,,843 m
,1613 rpm,15 %,,,92 °C,,,,,,,,,,,,,,843 m
,1613 rpm,15 %,,,93 °C,,,,,,,,,,,,,,843 m
,1611 rpm,15 %,,,93 °C,,,,,,,,,,,,,,843 m
,1618 rpm,15 %,,,93 °C,,,,,,,,,,,,,,843 m
,1620 rpm,15 %,,,92 °C,,,,,,,,,,,,,,843 m
,1619 rpm,15 %,,,92 °C,,,,,,,,,,,,,,843 m
,1622 rpm,15 %,,,93 °C,,,,,,,,,,,,,,843 m
,1621 rpm,15 %,,,93 °C,,,,,,,,,,,,,,843 m
,1625 rpm,15 %,,,93 °C,,,,,,,,,,,,,,843 m
,1635 rpm,15 %,,,93 °C,,,,,,,,,,,,,,843 m
,1642 rpm,15 %,,,93 °C,,,,,,,,,,,,,,843 m
,1649 rpm,15 %,,,93 °C,,,,,,,,,,,,,,843 m
,1655 rpm,15 %,,,93 °C,,,,,,,,,,,,,,843 m
,1663 rpm,15 %,,,93 °C,,,,,,,,,,,,,,843 m
,1664 rpm,15 %,,,93 °C,,,,,,,,,,,,,,843 m
,1668 rpm,15 %,,,93 °C,,,,,,,,,,,,,,843 m
,1664 rpm,15 %,,,93 °C,,,,,,,,,,,,,,843 m
,1661 rpm,15 %,,,93 °C,,,,,,,,,,,,,,843 m
,1660 rpm,15 %,,,93 °C,,,,,,,,,,,,,,843 m
,1655 rpm,15 %,,,93 °C,,,,,,,,,,,,,,843 m
,1655 rpm,15 %,,,93 °C,,,,,,,,,,,,,,843 m
,1655 rpm,15 %,,,93 °C,,,,,,,,,,,,,,843 m
,1655 rpm,15 %,,,93 °C,,,,,,,,,,,,,,843 m
,1651 rpm,15 %,,,93 °C,,,,,,,,,,,,,,843 m
,1650 rpm,15 %,,,93 °C,,,,,,,,,,,,,,843 m
,1648 rpm,15 %,,,93 °C,,,,,,,,,,,,,,843 m
,1648 rpm,15 %,,,93 °C,,,,,,,,,,,,,,843 m
,1649 rpm,15 %,,,93 °C,,,,,,,,,,,,,,843 m
,1648 rpm,15 %,,,93 °C,,,,,,,,,,,,,,843 m
,1644 rpm,15 %,,,93 °C,,,,,,,,,,,,,,843 m
,1643 rpm,15 %,,,93 °C,,,,,,,,,,,,,,843 m
,1642 rpm,15 %,,,93 °C,,,,,,,,,,,,,,843 m
,1639 rpm,15 %,,,93 °C,,,,,,,,,,,,,,843 m
,1639 rpm,15 %,,,93 °C,,,,,,,,,,,,,,843 m
,1640 rpm,15 %,,,93 °C,,,,,,,,,,,,,,843 m
,1638 rpm,15 %,,,93 °C,,,,,,,,,,,,,,843 m
,1638 rpm,15 %,,,93 °C,,,,,,,,,,,,,,843 m
,1639 rpm,15 %,,,93 °C,,,,,,,,,,,,,,843 m
,1641 rpm,15 %,,,93 °C,,,,,,,,,,,,,,843 m
,1640 rpm,15 %,,,93 °C,,,,,,,,,,,,,,843 m
,1642 rpm,15 %,,,93 °C,,,,,,,,,,,,,,843 m
,1640 rpm,15 %,,,93 °C,,,,,,,,,,,,,,843 m
,1642 rpm,15 %,,,93 °C,,,,,,,,,,,,,,843 m
,1642 rpm,15 %,,,93 °C,,,,,,,,,,,,,,843 m
,1639 rpm,15 %,,,93 °C,,,,,,,,,,,,,,843 m
,1643 rpm,15 %,,,93 °C,,,,,,,,,,,,,,843 m
,1646 rpm,15 %,,,93 °C,,,,,,,,,,,,,,843 m
,1647 rpm,15 %,,,93 °C,,,,,,,,,,,,,,843 m
,1649 rpm,15 %,,,93 °C,,,,,,,,,,,,,,843 m
,1651 rpm,15 %,,,93 °C,,,,,,,,,,,,,,843 m
,1652 rpm,15 %,,,93 °C,,,,,,,,,,,,,,843 m
,1654 rpm,15 %,,,93 °C,,,,,,,,,,,,,,843 m
,1655 rpm,15 %,,,93 °C,,,,,,,,,,,,,,843 m
,1658 rpm,15 %,,,93 °C,,,,,,,,,,,,,,843 m
,1657 rpm,15 %,,,93 °C,,,,,,,,,,,,,,843 m
,1656 rpm,15 %,,,93 °C,,,,,,,,,,,,,,843 m
,1658 rpm,15 %,,,93 °C,,,,,,,,,,,,,,843 m
,1657 rpm,15 %,,,93 °C,,,,,,,,,,,,,,843 m
,1654 rpm,15 %,,,93 °C,,,,,,,,,,,,,,843 m
,1651 rpm,15 %,,,93 °C,,,,,,,,,,,,,,843 m
,1647 rpm,15 %,,,93 °C,,,,,,,,,,,,,,843 m
,1648 rpm,15 %,,,93 °C,,,,,,,,,,,,,,843 m
,1644 rpm,15 %,,,93 °C,,,,,,,,,,,,,,843 m
,1646 rpm,15 %,,,93 °C,,,,,,,,,,,,,,843 m
,1645 rpm,15 %,,,93 °C,,,,,,,,,,,,,,843 m
,1647 rpm,15 %,,,93 °C,,,,,,,,,,,,,,843 m
,1646 rpm,15 %,,,93 °C,,,,,,,,,,,,,,843 m
,1649 rpm,15 %,,,93 °C,,,,,,,,,,,,,,843 m
,1653 rpm,15 %,,,93 °C,,,,,,,,,,,,,,843 m
,1656 rpm,15 %,,,93 °C,,,,,,,,,,,,,,843 m
,1656 rpm,15 %,,,93 °C,,,,,,,,,,,,,,843 m
,1660 rpm,15 %,,,93 °C,,,,,,,,,,,,,,843 m
,1661 rpm,15 %,,,93 °C,,,,,,,,,,,,,,843 m
,1662 rpm,15 %,,,93 °C,,,,,,,,,,,,,,843 m
,1663 rpm,15 %,,,93 °C,,,,,,,,,,,,,,843 m
,1663 rpm,15 %,,,93 °C,,,,,,,,,,,,,,843 m
,1660 rpm,15 %,,,93 °C,,,,,,,,,,,,,,843 m
,1657 rpm,15 %,,,93 °C,,,,,,,,,,,,,,843 m
,1658 rpm,15 %,,,93 °C,,,,,,,,,,,,,,843 m
,1653 rpm,15 %,,,93 °C,,,,,,,,,,,,,,843 m
,1650 rpm,15 %,,,93 °C,,,,,,,,,,,,,,843 m
,1648 rpm,15 %,,,93 °C,,,,,,,,,,,,,,843 m
,1648 rpm,15 %,,,93 °C,,,,,,,,,,,,,,843 m
,1647 rpm,15 %,,,93 °C,,,,,,,,,,,,,,843 m
,1649 rpm,15 %,,,93 °C,,,,,,,,,,,,,,843 m
,1649 rpm,15 %,,,93 °C,,,,,,,,,,,,,,843 m
,1650 rpm,15 %,,,93 °C,,,,,,,,,,,,,,843 m
,1651 rpm,15 %,,,93 °C,,,,,,,,,,,,,,843 m
,1654 rpm,15 %,,,93 °C,,,,,,,,,,,,,,843 m
,1651 rpm,15 %,,,93 °C,,,,,,,,,,,,,,843 m
,1652 rpm,15 %,,,93 °C,,,,,,,,,,,,,,843 m
,1653 rpm,15 %,,,93 °C,,,,,,,,,,,,,,843 m
,1652 rpm,15 %,,,93 °C,,,,,,,,,,,,,,843 m
,1654 rpm,15 %,,,93 °C,,,,,,,,,,,,,,843 m
,1653 rpm,15 %,,,93 °C,,,,,,,,,,,,,,843 m
,1656 rpm,15 %,,,93 °C,,,,,,,,,,,,,,843 m
,1655 rpm,15 %,,,93 °C,,,,,,,,,,,,,,843 m
,1653 rpm,15 %,,,93 °C,,,,,,,,,,,,,,843 m
,1654 rpm,15 %,,,93 °C,,,,,,,,,,,,,,843 m
,1651 rpm,15 %,,,93 °C,,,,,,,,,,,,,,843 m
,1648 rpm,15 %,,,93 °C,,,,,,,,,,,,,,843 m
,1648 rpm,15 %,,,93 °C,,,,,,,,,,,,,,843 m
,1648 rpm,15 %,,,93 °C,,,,,,,,,,,,,,843 m
,1650 rpm,15 %,,,93 °C,,,,,,,,,,,,,,843 m
,1649 rpm,15 %,,,93 °C,,,,,,,,,,,,,,843 m
,1651 rpm,15 %,,,93 °C,,,,,,,,,,,,,,843 m
,1654 rpm,15 %,,,94 °C,,,,,,,,,,,,,,843 m
,1654 rpm,15 %,,,94 °C,,,,,,,,,,,,,,843 m
,1657 rpm,15 %,,,94 °C,,,,,,,,,,,,,,843 m
,1657 rpm,15 %,,,94 °C,,,,,,,,,,,,,,843 m
,1658 rpm,15 %,,,93 °C,,,,,,,,,,,,,,843 m
,1664 rpm,15 %,,,93 °C,,,,,,,,,,,,,,843 m
,1679 rpm,15 %,,,93 °C,,,,,,,,,,,,,,843 m
,1686 rpm,15 %,,,94 °C,,,,,,,,,,,,,,843 m
,1692 rpm,15 %,,,94 °C,,,,,,,,,,,,,,843 m
,1702 rpm,15 %,,,94 °C,,,,,,,,,,,,,,843 m
,1708 rpm,15 %,,,94 °C,,,,,,,,,,,,,,843 m
,1716 rpm,15 %,,,93 °C,,,,,,,,,,,,,,843 m
,1719 rpm,15 %,,,94 °C,,,,,,,,,,,,,,843 m
,1726 rpm,15 %,,,94 °C,,,,,,,,,,,,,,843 m
,1726 rpm,15 %,,,93 °C,,,,,,,,,,,,,,843 m
,1726 rpm,15 %,,,93 °C,,,,,,,,,,,,,,843 m
,1730 rpm,15 %,,,94 °C,,,,,,,,,,,,,,843 m
,1728 rpm,15 %,,,94 °C,,,,,,,,,,,,,,843 m
,1733 rpm,15 %,,,94 °C,,,,,,,,,,,,,,843 m
,1736 rpm,15 %,,,94 °C,,,,,,,,,,,,,,843 m
,1738 rpm,15 %,,,94 °C,,,,,,,,,,,,,,843 m
,1737 rpm,15 %,,,94 °C,,,,,,,,,,,,,,843 m
,1736 rpm,15 %,,,94 °C,,,,,,,,,,,,,,843 m
,1736 rpm,15 %,,,94 °C,,,,,,,,,,,,,,843 m
,1733 rpm,15 %,,,94 °C,,,,,,,,,,,,,,843 m
,1732 rpm,15 %,,,94 °C,,,,,,,,,,,,,,843 m
,1732 rpm,15 %,,,94 °C,,,,,,,,,,,,,,843 m
,1733 rpm,15 %,,,94 °C,,,,,,,,,,,,,,843 m
,1733 rpm,15 %,,,94 °C,,,,,,,,,,,,,,843 m
,1732 rpm,15 %,,,94 °C,,,,,,,,,,,,,,843 m
,1731 rpm,15 %,,,94 °C,,,,,,,,,,,,,,843 m
,1729 rpm,15 %,,,94 °C,,,,,,,,,,,,,,843 m
,1727 rpm,15 %,,,94 °C,,,,,,,,,,,,,,843 m
,1722 rpm,15 %,,,94 °C,,,,,,,,,,,,,,843 m
,1718 rpm,15 %,,,94 °C,,,,,,,,,,,,,,843 m
,1718 rpm,15 %,,,94 °C,,,,,,,,,,,,,,843 m
,1716 rpm,15 %,,,94 °C,,,,,,,,,,,,,,843 m
,1713 rpm,15 %,,,94 °C,,,,,,,,,,,,,,843 m
,1714 rpm,15 %,,,94 °C,,,,,,,,,,,,,,843 m
,1713 rpm,15 %,,,94 °C,,,,,,,,,,,,,,843 m
,1714 rpm,15 %,,,94 °C,,,,,,,,,,,,,,843 m
,1713 rpm,15 %,,,94 °C,,,,,,,,,,,,,,843 m
,1714 rpm,15 %,,,94 °C,,,,,,,,,,,,,,843 m
,1711 rpm,15 %,,,95 °C,,,,,,,,,,,,,,843 m
,1710 rpm,15 %,,,95 °C,,,,,,,,,,,,,,843 m
,1709 rpm,15 %,,,94 °C,,,,,,,,,,,,,,843 m
,1712 rpm,15 %,,,94 °C,,,,,,,,,,,,,,843 m
,1712 rpm,15 %,,,94 °C,,,,,,,,,,,,,,843 m
,1710 rpm,15 %,,,94 °C,,,,,,,,,,,,,,843 m
,1712 rpm,15 %,,,96 °C,,,,,,,,,,,,,,843 m
,1733 rpm,15 %,,,95 °C,,,,,,,,,,,,,,843 m
,1731 rpm,15 %,,,95 °C,,,,,,,,,,,,,,843 m
,1730 rpm,15 %,,,95 °C,,,,,,,,,,,,,,843 m
,1726 rpm,15 %,,,95 °C,,,,,,,,,,,,,,843 m
,1727 rpm,15 %,,,95 °C,,,,,,,,,,,,,,843 m
,1727 rpm,15 %,,,95 °C,,,,,,,,,,,,,,843 m
,1726 rpm,15 %,,,95 °C,,,,,,,,,,,,,,843 m
,1728 rpm,15 %,,,96 °C,,,,,,,,,,,,,,843 m
,1727 rpm,15 %,,,95 °C,,,,,,,,,,,,,,843 m
,1726 rpm,15 %,,,95 °C,,,,,,,,,,,,,,843 m
,1727 rpm,15 %,,,95 °C,,,,,,,,,,,,,,843 m
,1722 rpm,15 %,,,95 °C,,,,,,,,,,,,,,843 m
,1718 rpm,15 %,,,95 °C,,,,,,,,,,,,,,843 m
,1714 rpm,15 %,,,95 °C,,,,,,,,,,,,,,843 m
,1709 rpm,15 %,,,95 °C,,,,,,,,,,,,,,843 m
,1710 rpm,15 %,,,95 °C,,,,,,,,,,,,,,843 m
,1712 rpm,15 %,,,95 °C,,,,,,,,,,,,,,843 m
,1713 rpm,15 %,,,95 °C,,,,,,,,,,,,,,843 m
,1713 rpm,15 %,,,95 °C,,,,,,,,,,,,,,843 m
,1713 rpm,15 %,,,95 °C,,,,,,,,,,,,,,843 m
,1716 rpm,15 %,,,95 °C,,,,,,,,,,,,,,843 m
,1718 rpm,15 %,,,95 °C,,,,,,,,,,,,,,843 m
,1721 rpm,15 %,,,95 °C,,,,,,,,,,,,,,843 m
,1724 rpm,15 %,,,95 °C,,,,,,,,,,,,,,843 m
,1728 rpm,15 %,,,95 °C,,,,,,,,,,,,,,843 m
,1736 rpm,15 %,,,95 °C,,,,,,,,,,,,,,843 m
,1738 rpm,15 %,,,95 °C,,,,,,,,,,,,,,843 m
,1742 rpm,15 %,,,94 °C,,,,,,,,,,,,,,843 m
,1745 rpm,15 %,,,94 °C,,,,,,,,,,,,,,843 m
,1746 rpm,15 %,,,95 °C,,,,,,,,,,,,,,843 m
,1747 rpm,15 %,,,94 °C,,,,,,,,,,,,,,843 m
,1746 rpm,15 %,,,94 °C,,,,,,,,,,,,,,843 m
,1748 rpm,15 %,,,94 °C,,,,,,,,,,,,,,843 m
,1754 rpm,16 %,,,94 °C,,,,,,,,,,,,,,843 m
,1763 rpm,16 %,,,94 °C,,,,,,,,,,,,,,843 m
,1773 rpm,16 %,,,94 °C,,,,,,,,,,,,,,843 m
,1785 rpm,15 %,,,94 °C,,,,,,,,,,,,,,843 m
,1796 rpm,15 %,,,95 °C,,,,,,,,,,,,,,843 m
,1799 rpm,15 %,,,95 °C,,,,,,,,,,,,,,843 m
,1800 rpm,15 %,,,94 °C,,,,,,,,,,,,,,843 m
,1803 rpm,16 %,,,94 °C,,,,,,,,,,,,,,843 m
,1810 rpm,16 %,,,94 °C,,,,,,,,,,,,,,843 m
,1819 rpm,16 %,,,94 °C,,,,,,,,,,,,,,843 m
,1847 rpm,17 %,,,94 °C,,,,,,,,,,,,,,843 m
,1865 rpm,17 %,,,94 °C,,,,,,,,,,,,,,843 m
,1886 rpm,17 %,,,94 °C,,,,,,,,,,,,,,843 m
,1907 rpm,17 %,,,93 °C,,,,,,,,,,,,,,843 m
,1926 rpm,17 %,,,93 °C,,,,,,,,,,,,,,843 m
,1944 rpm,16 %,,,94 °C,,,,,,,,,,,,,,843 m
,1962 rpm,16 %,,,93 °C,,,,,,,,,,,,,,843 m
,1990 rpm,16 %,,,93 °C,,,,,,,,,,,,,,843 m
,2003 rpm,16 %,,,94 °C,,,,,,,,,,,,,,843 m
,2011 rpm,15 %,,,94 °C,,,,,,,,,,,,,,843 m
,2015 rpm,15 %,,,93 °C,,,,,,,,,,,,,,843 m
,2014 rpm,15 %,,,93 °C,,,,,,,,,,,,,,843 m
,2012 rpm,15 %,,,93 °C,,,,,,,,,,,,,,843 m
,2005 rpm,15 %,,,94 °C,,,,,,,,,,,,,,843 m
,2000 rpm,15 %,,,94 °C,,,,,,,,,,,,,,843 m
,1991 rpm,15 %,,,93 °C,,,,,,,,,,,,,,843 m
,1985 rpm,15 %,,,93 °C,,,,,,,,,,,,,,843 m
,1977 rpm,15 %,,,93 °C,,,,,,,,,,,,,,843 m
,1973 rpm,15 %,,,93 °C,,,,,,,,,,,,,,843 m
,1969 rpm,15 %,,,93 °C,,,,,,,,,,,,,,843 m
,1973 rpm,15 %,,,93 °C,,,,,,,,,,,,,,843 m
,1978 rpm,15 %,,,93 °C,,,,,,,,,,,,,,843 m
,1983 rpm,16 %,,,93 °C,,,,,,,,,,,,,,843 m
,1993 rpm,15 %,,,93 °C,,,,,,,,,,,,,,843 m
,2003 rpm,15 %,,,93 °C,,,,,,,,,,,,,,843 m
,2011 rpm,15 %,,,93 °C,,,,,,,,,,,,,,843 m
,2022 rpm,15 %,,,93 °C,,,,,,,,,,,,,,843 m
,2027 rpm,15 %,,,93 °C,,,,,,,,,,,,,,843 m
,2030 rpm,15 %,,,93 °C,,,,,,,,,,,,,,843 m
,2030 rpm,15 %,,,93 °C,,,,,,,,,,,,,,843 m
,2031 rpm,15 %,,,93 °C,,,,,,,,,,,,,,843 m
,2032 rpm,15 %,,,93 °C,,,,,,,,,,,,,,843 m
,2038 rpm,15 %,,,93 °C,,,,,,,,,,,,,,843 m
,2038 rpm,15 %,,,93 °C,,,,,,,,,,,,,,843 m
,2041 rpm,15 %,,,93 °C,,,,,,,,,,,,,,843 m
,2041 rpm,15 %,,,93 °C,,,,,,,,,,,,,,843 m
,2038 rpm,15 %,,,93 °C,,,,,,,,,,,,,,843 m
,2042 rpm,15 %,,,93 °C,,,,,,,,,,,,,,843 m
,2052 rpm,15 %,,,93 °C,,,,,,,,,,,,,,843 m
,2054 rpm,15 %,,,93 °C,,,,,,,,,,,,,,843 m
,2062 rpm,15 %,,,93 °C,,,,,,,,,,,,,,843 m
,2069 rpm,15 %,,,93 °C,,,,,,,,,,,,,,843 m
,2073 rpm,15 %,,,93 °C,,,,,,,,,,,,,,843 m
,2078 rpm,15 %,,,93 °C,,,,,,,,,,,,,,843 m
,2083 rpm,15 %,,,92 °C,,,,,,,,,,,,,,843 m
,2079 rpm,15 %,,,92 °C,,,,,,,,,,,,,,843 m
,2077 rpm,15 %,,,92 °C,,,,,,,,,,,,,,843 m
,2078 rpm,15 %,,,92 °C,,,,,,,,,,,,,,843 m
,2079 rpm,15 %,,,93 °C,,,,,,,,,,,,,,843 m
,2074 rpm,15 %,,,93 °C,,,,,,,,,,,,,,843 m
,2071 rpm,15 %,,,93 °C,,,,,,,,,,,,,,843 m
,2073 rpm,15 %,,,93 °C,,,,,,,,,,,,,,843 m
,2076 rpm,15 %,,,93 °C,,,,,,,,,,,,,,843 m
,2075 rpm,15 %,,,93 °C,,,,,,,,,,,,,,843 m
,2077 rpm,15 %,,,93 °C,,,,,,,,,,,,,,843 m
,2075 rpm,15 %,,,92 °C,,,,,,,,,,,,,,843 m
,2073 rpm,15 %,,,93 °C,,,,,,,,,,,,,,843 m
,2074 rpm,15 %,,,93 °C,,,,,,,,,,,,,,843 m
,2074 rpm,15 %,,,92 °C,,,,,,,,,,,,,,843 m
,2073 rpm,15 %,,,92 °C,,,,,,,,,,,,,,843 m
,2075 rpm,15 %,,,92 °C,,,,,,,,,,,,,,843 m
,2077 rpm,15 %,,,92 °C,,,,,,,,,,,,,,843 m
,2075 rpm,15 %,,,92 °C,,,,,,,,,,,,,,843 m
,2071 rpm,15 %,,,92 °C,,,,,,,,,,,,,,843 m
,2067 rpm,15 %,,,92 °C,,,,,,,,,,,,,,843 m
,2066 rpm,15 %,,,92 °C,,,,,,,,,,,,,,843 m
,2065 rpm,15 %,,,92 °C,,,,,,,,,,,,,,843 m
,2064 rpm,15 %,,,92 °C,,,,,,,,,,,,,,843 m
,2065 rpm,15 %,,,92 °C,,,,,,,,,,,,,,843 m
,2070 rpm,15 %,,,92 °C,,,,,,,,,,,,,,843 m
,2070 rpm,15 %,,,92 °C,,,,,,,,,,,,,,843 m
,2074 rpm,15 %,,,92 °C,,,,,,,,,,,,,,843 m
,2075 rpm,15 %,,,92 °C,,,,,,,,,,,,,,843 m
,2077 rpm,15 %,,,92 °C,,,,,,,,,,,,,,843 m
,2076 rpm,15 %,,,92 °C,,,,,,,,,,,,,,843 m
,2074 rpm,15 %,,,92 °C,,,,,,,,,,,,,,843 m
,2074 rpm,15 %,,,92 °C,,,,,,,,,,,,,,843 m
,2076 rpm,15 %,,,92 °C,,,,,,,,,,,,,,843 m
,2075 rpm,15 %,,,92 °C,,,,,,,,,,,,,,843 m
,2076 rpm,15 %,,,92 °C,,,,,,,,,,,,,,843 m
,2073 rpm,15 %,,,92 °C,,,,,,,,,,,,,,843 m
,2072 rpm,15 %,,,92 °C,,,,,,,,,,,,,,843 m
,2069 rpm,15 %,,,92 °C,,,,,,,,,,,,,,843 m
,2072 rpm,15 %,,,92 °C,,,,,,,,,,,,,,843 m
,2075 rpm,15 %,,,92 °C,,,,,,,,,,,,,,843 m
,2078 rpm,15 %,,,92 °C,,,,,,,,,,,,,,843 m
,2082 rpm,15 %,,,92 °C,,,,,,,,,,,,,,843 m
,2086 rpm,15 %,,,92 °C,,,,,,,,,,,,,,843 m
,2087 rpm,15 %,,,92 °C,,,,,,,,,,,,,,843 m
,2090 rpm,15 %,,,92 °C,,,,,,,,,,,,,,843 m
,2095 rpm,15 %,,,92 °C,,,,,,,,,,,,,,843 m
,2095 rpm,15 %,,,92 °C,,,,,,,,,,,,,,843 m
,2098 rpm,15 %,,,92 °C,,,,,,,,,,,,,,843 m
,2100 rpm,15 %,,,92 °C,,,,,,,,,,,,,,843 m
,2098 rpm,15 %,,,92 °C,,,,,,,,,,,,,,843 m
,2096 rpm,15 %,,,92 °C,,,,,,,,,,,,,,843 m
,2094 rpm,15 %,,,92 °C,,,,,,,,,,,,,,843 m
,2091 rpm,15 %,,,92 °C,,,,,,,,,,,,,,843 m
,2091 rpm,15 %,,,92 °C,,,,,,,,,,,,,,843 m
,2091 rpm,15 %,,,92 °C,,,,,,,,,,,,,,843 m
,2092 rpm,15 %,,,92 °C,,,,,,,,,,,,,,843 m
,2092 rpm,15 %,,,92 °C,,,,,,,,,,,,,,843 m
,2091 rpm,15 %,,,92 °C,,,,,,,,,,,,,,843 m
,2096 rpm,15 %,,,92 °C,,,,,,,,,,,,,,843 m
,2096 rpm,15 %,,,92 °C,,,,,,,,,,,,,,843 m
,2099 rpm,15 %,,,92 °C,,,,,,,,,,,,,,843 m
,2100 rpm,15 %,,,92 °C,,,,,,,,,,,,,,843 m
,2098 rpm,15 %,,,92 °C,,,,,,,,,,,,,,843 m
,2101 rpm,15 %,,,92 °C,,,,,,,,,,,,,,843 m
,2099 rpm,15 %,,,92 °C,,,,,,,,,,,,,,843 m
,2100 rpm,15 %,,,92 °C,,,,,,,,,,,,,,843 m
,2101 rpm,15 %,,,92 °C,,,,,,,,,,,,,,843 m
,2100 rpm,15 %,,,92 °C,,,,,,,,,,,,,,843 m
,2099 rpm,15 %,,,92 °C,,,,,,,,,,,,,,843 m
,2092 rpm,15 %,,,92 °C,,,,,,,,,,,,,,843 m
,2091 rpm,15 %,,,92 °C,,,,,,,,,,,,,,843 m
,2092 rpm,15 %,,,92 °C,,,,,,,,,,,,,,843 m
,2092 rpm,15 %,,,92 °C,,,,,,,,,,,,,,843 m
,2090 rpm,15 %,,,92 °C,,,,,,,,,,,,,,843 m
,2091 rpm,15 %,,,92 °C,,,,,,,,,,,,,,843 m
,2093 rpm,15 %,,,92 °C,,,,,,,,,,,,,,843 m
,2090 rpm,15 %,,,92 °C,,,,,,,,,,,,,,843 m
,2094 rpm,15 %,,,92 °C,,,,,,,,,,,,,,843 m
,2095 rpm,15 %,,,91 °C,,,,,,,,,,,,,,843 m
,2097 rpm,15 %,,,91 °C,,,,,,,,,,,,,,843 m
,2095 rpm,15 %,,,91 °C,,,,,,,,,,,,,,843 m
,2100 rpm,15 %,,,92 °C,,,,,,,,,,,,,,843 m
,2102 rpm,15 %,,,92 °C,,,,,,,,,,,,,,843 m
,2100 rpm,15 %,,,92 °C,,,,,,,,,,,,,,843 m
,2101 rpm,15 %,,,92 °C,,,,,,,,,,,,,,843 m
,2100 rpm,15 %,,,91 °C,,,,,,,,,,,,,,843 m
,2095 rpm,15 %,,,91 °C,,,,,,,,,,,,,,843 m
,2093 rpm,15 %,,,91 °C,,,,,,,,,,,,,,843 m
,2094 rpm,15 %,,,91 °C,,,,,,,,,,,,,,843 m
,2097 rpm,15 %,,,91 °C,,,,,,,,,,,,,,843 m
,2094 rpm,15 %,,,91 °C,,,,,,,,,,,,,,843 m
,2095 rpm,15 %,,,91 °C,,,,,,,,,,,,,,843 m
,2101 rpm,15 %,,,91 °C,,,,,,,,,,,,,,843 m
,2111 rpm,15 %,,,91 °C,,,,,,,,,,,,,,843 m
,2117 rpm,15 %,,,91 °C,,,,,,,,,,,,,,843 m
,2122 rpm,15 %,,,91 °C,,,,,,,,,,,,,,843 m
,2129 rpm,15 %,,,91 °C,,,,,,,,,,,,,,843 m
,2131 rpm,15 %,,,91 °C,,,,,,,,,,,,,,843 m
,2133 rpm,15 %,,,90 °C,,,,,,,,,,,,,,843 m
,2137 rpm,15 %,,,90 °C,,,,,,,,,,,,,,843 m
,2137 rpm,15 %,,,91 °C,,,,,,,,,,,,,,843 m
,2134 rpm,15 %,,,91 °C,,,,,,,,,,,,,,843 m
,2128 rpm,14 %,,,91 °C,,,,,,,,,,,,,,843 m
,2125 rpm,14 %,,,91 °C,,,,,,,,,,,,,,843 m
,2101 rpm,13 %,,,91 °C,,,,,,,,,,,,,,843 m
,2080 rpm,13 %,,,91 °C,,,,,,,,,,,,,,843 m
,2060 rpm,13 %,,,91 °C,,,,,,,,,,,,,,843 m
,2038 rpm,13 %,,,91 °C,,,,,,,,,,,,,,843 m
,2019 rpm,13 %,,,91 °C,,,,,,,,,,,,,,843 m
,2003 rpm,13 %,,,91 °C,,,,,,,,,,,,,,843 m
,1970 rpm,14 %,,,90 °C,,,,,,,,,,,,,,843 m
,1958 rpm,14 %,,,90 °C,,,,,,,,,,,,,,843 m
,1947 rpm,14 %,,,91 °C,,,,,,,,,,,,,,843 m
,1937 rpm,14 %,,,91 °C,,,,,,,,,,,,,,843 m
,1930 rpm,15 %,,,90 °C,,,,,,,,,,,,,,843 m
,1923 rpm,15 %,,,91 °C,,,,,,,,,,,,,,843 m
,1917 rpm,15 %,,,91 °C,,,,,,,,,,,,,,843 m
,1912 rpm,15 %,,,90 °C,,,,,,,,,,,,,,843 m
,1910 rpm,15 %,,,90 °C,,,,,,,,,,,,,,843 m
,1905 rpm,15 %,,,90 °C,,,,,,,,,,,,,,843 m
,1903 rpm,15 %,,,90 °C,,,,,,,,,,,,,,843 m
,1900 rpm,15 %,,,90 °C,,,,,,,,,,,,,,843 m
,1898 rpm,15 %,,,90 °C,,,,,,,,,,,,,,843 m
,1897 rpm,15 %,,,90 °C,,,,,,,,,,,,,,843 m
,1897 rpm,15 %,,,90 °C,,,,,,,,,,,,,,843 m
,1897 rpm,15 %,,,90 °C,,,,,,,,,,,,,,843 m
,1897 rpm,15 %,,,90 °C,,,,,,,,,,,,,,843 m
,1901 rpm,15 %,,,90 °C,,,,,,,,,,,,,,843 m
,1904 rpm,15 %,,,90 °C,,,,,,,,,,,,,,843 m
,1903 rpm,15 %,,,90 °C,,,,,,,,,,,,,,843 m
,1904 rpm,15 %,,,90 °C,,,,,,,,,,,,,,843 m
,1905 rpm,14 %,,,90 °C,,,,,,,,,,,,,,843 m
,1898 rpm,13 %,,,90 °C,,,,,,,,,,,,,,843 m
,1885 rpm,14 %,,,90 °C,,,,,,,,,,,,,,843 m
,1874 rpm,14 %,,,90 °C,,,,,,,,,,,,,,843 m
,1858 rpm,14 %,,,90 °C,,,,,,,,,,,,,,843 m
,1855 rpm,15 %,,,90 °C,,,,,,,,,,,,,,843 m
,1847 rpm,15 %,,,90 °C,,,,,,,,,,,,,,843 m
,1846 rpm,15 %,,,90 °C,,,,,,,,,,,,,,843 m
,1843 rpm,15 %,,,90 °C,,,,,,,,,,,,,,843 m
,1844 rpm,15 %,,,90 °C,,,,,,,,,,,,,,843 m
,1842 rpm,15 %,,,90 °C,,,,,,,,,,,,,,843 m
,1847 rpm,15 %,,,90 °C,,,,,,,,,,,,,,843 m
,1849 rpm,15 %,,,90 °C,,,,,,,,,,,,,,843 m
,1852 rpm,15 %,,,90 °C,,,,,,,,,,,,,,843 m
,1854 rpm,15 %,,,90 °C,,,,,,,,,,,,,,843 m
,1853 rpm,15 %,,,90 °C,,,,,,,,,,,,,,843 m
,1854 rpm,15 %,,,90 °C,,,,,,,,,,,,,,843 m
,1856 rpm,15 %,,,90 °C,,,,,,,,,,,,,,843 m
,1859 rpm,15 %,,,90 °C,,,,,,,,,,,,,,843 m
,1855 rpm,15 %,,,90 °C,,,,,,,,,,,,,,843 m
,1854 rpm,15 %,,,90 °C,,,,,,,,,,,,,,843 m
,1854 rpm,15 %,,,90 °C,,,,,,,,,,,,,,843 m
,1857 rpm,15 %,,,90 °C,,,,,,,,,,,,,,843 m
,1859 rpm,15 %,,,90 °C,,,,,,,,,,,,,,843 m
,1861 rpm,15 %,,,90 °C,,,,,,,,,,,,,,843 m
,1862 rpm,15 %,,,90 °C,,,,,,,,,,,,,,843 m
,1864 rpm,15 %,,,90 °C,,,,,,,,,,,,,,843 m
,1863 rpm,15 %,,,90 °C,,,,,,,,,,,,,,843 m
,1867 rpm,15 %,,,90 °C,,,,,,,,,,,,,,843 m
,1867 rpm,15 %,,,90 °C,,,,,,,,,,,,,,843 m
,1867 rpm,15 %,,,90 °C,,,,,,,,,,,,,,843 m
,1868 rpm,15 %,,,90 °C,,,,,,,,,,,,,,843 m
,1869 rpm,15 %,,,90 °C,,,,,,,,,,,,,,843 m
,1871 rpm,15 %,,,90 °C,,,,,,,,,,,,,,843 m
,1870 rpm,15 %,,,90 °C,,,,,,,,,,,,,,843 m
,1872 rpm,15 %,,,90 °C,,,,,,,,,,,,,,843 m
,1871 rpm,15 %,,,90 °C,,,,,,,,,,,,,,843 m
,1869 rpm,15 %,,,90 °C,,,,,,,,,,,,,,843 m
,1867 rpm,15 %,,,90 °C,,,,,,,,,,,,,,843 m
,1862 rpm,15 %,,,90 °C,,,,,,,,,,,,,,843 m
,1863 rpm,15 %,,,90 °C,,,,,,,,,,,,,,843 m
,1862 rpm,15 %,,,90 °C,,,,,,,,,,,,,,843 m
,1860 rpm,15 %,,,90 °C,,,,,,,,,,,,,,843 m
,1862 rpm,15 %,,,90 °C,,,,,,,,,,,,,,843 m
,1864 rpm,15 %,,,90 °C,,,,,,,,,,,,,,843 m
,1866 rpm,15 %,,,90 °C,,,,,,,,,,,,,,843 m
,1867 rpm,15 %,,,90 °C,,,,,,,,,,,,,,843 m
,1868 rpm,15 %,,,90 °C,,,,,,,,,,,,,,843 m
,1867 rpm,15 %,,,90 °C,,,,,,,,,,,,,,843 m
,1868 rpm,15 %,,,90 °C,,,,,,,,,,,,,,843 m
,1870 rpm,15 %,,,90 °C,,,,,,,,,,,,,,843 m
,1871 rpm,15 %,,,90 °C,,,,,,,,,,,,,,843 m
,1870 rpm,15 %,,,90 °C,,,,,,,,,,,,,,843 m
,1873 rpm,15 %,,,90 °C,,,,,,,,,,,,,,843 m
,1875 rpm,15 %,,,90 °C,,,,,,,,,,,,,,843 m
,1871 rpm,15 %,,,90 °C,,,,,,,,,,,,,,843 m
,1869 rpm,15 %,,,90 °C,,,,,,,,,,,,,,843 m
,1869 rpm,15 %,,,90 °C,,,,,,,,,,,,,,843 m
,1867 rpm,15 %,,,90 °C,,,,,,,,,,,,,,843 m
,1864 rpm,15 %,,,90 °C,,,,,,,,,,,,,,843 m
,1858 rpm,15 %,,,90 °C,,,,,,,,,,,,,,843 m
,1861 rpm,15 %,,,90 °C,,,,,,,,,,,,,,843 m
,1858 rpm,15 %,,,90 °C,,,,,,,,,,,,,,843 m
,1860 rpm,15 %,,,90 °C,,,,,,,,,,,,,,843 m
,1861 rpm,15 %,,,90 °C,,,,,,,,,,,,,,843 m
,1863 rpm,15 %,,,90 °C,,,,,,,,,,,,,,843 m
,1864 rpm,15 %,,,90 °C,,,,,,,,,,,,,,843 m
,1864 rpm,15 %,,,90 °C,,,,,,,,,,,,,,843 m
,1865 rpm,15 %,,,90 °C,,,,,,,,,,,,,,843 m
,1864 rpm,15 %,,,90 °C,,,,,,,,,,,,,,843 m
,1863 rpm,15 %,,,90 °C,,,,,,,,,,,,,,843 m
,1865 rpm,15 %,,,90 °C,,,,,,,,,,,,,,843 m
,1865 rpm,15 %,,,90 °C,,,,,,,,,,,,,,843 m
,1874 rpm,15 %,,,90 °C,,,,,,,,,,,,,,843 m
,1882 rpm,15 %,,,90 °C,,,,,,,,,,,,,,843 m
,1889 rpm,15 %,,,90 °C,,,,,,,,,,,,,,843 m
,1894 rpm,15 %,,,90 °C,,,,,,,,,,,,,,843 m
,1900 rpm,15 %,,,90 °C,,,,,,,,,,,,,,843 m
,1909 rpm,15 %,,,90 °C,,,,,,,,,,,,,,843 m
,1916 rpm,15 %,,,90 °C,,,,,,,,,,,,,,843 m
,1925 rpm,15 %,,,90 °C,,,,,,,,,,,,,,843 m
,1930 rpm,15 %,,,90 °C,,,,,,,,,,,,,,843 m
,1933 rpm,15 %,,,90 °C,,,,,,,,,,,,,,843 m
,1937 rpm,15 %,,,90 °C,,,,,,,,,,,,,,843 m
,1942 rpm,15 %,,,90 °C,,,,,,,,,,,,,,843 m
,1945 rpm,15 %,,,90 °C,,,,,,,,,,,,,,843 m
,1946 rpm,15 %,,,90 °C,,,,,,,,,,,,,,843 m
,1952 rpm,15 %,,,90 °C,,,,,,,,,,,,,,843 m
,1956 rpm,15 %,,,90 °C,,,,,,,,,,,,,,843 m
,1957 rpm,15 %,,,90 °C,,,,,,,,,,,,,,843 m
,1959 rpm,15 %,,,90 °C,,,,,,,,,,,,,,843 m
,1961 rpm,15 %,,,90 °C,,,,,,,,,,,,,,843 m
,1962 rpm,15 %,,,90 °C,,,,,,,,,,,,,,843 m
,1963 rpm,15 %,,,90 °C,,,,,,,,,,,,,,843 m
,1967 rpm,15 %,,,90 °C,,,,,,,,,,,,,,843 m
,1967 rpm,15 %,,,90 °C,,,,,,,,,,,,,,843 m
,1965 rpm,15 %,,,90 °C,,,,,,,,,,,,,,843 m
,1965 rpm,15 %,,,90 °C,,,,,,,,,,,,,,843 m
,1966 rpm,15 %,,,90 °C,,,,,,,,,,,,,,843 m
,1965 rpm,15 %,,,90 °C,,,,,,,,,,,,,,843 m
,1963 rpm,15 %,,,90 °C,,,,,,,,,,,,,,843 m
,1956 rpm,15 %,,,90 °C,,,,,,,,,,,,,,843 m
,1953 rpm,15 %,,,90 °C,,,,,,,,,,,,,,843 m
,1949 rpm,15 %,,,90 °C,,,,,,,,,,,,,,843 m
,1949 rpm,15 %,,,90 °C,,,,,,,,,,,,,,843 m
,1951 rpm,15 %,,,90 °C,,,,,,,,,,,,,,843 m
,1952 rpm,15 %,,,90 °C,,,,,,,,,,,,,,843 m
,1955 rpm,15 %,,,90 °C,,,,,,,,,,,,,,843 m
,1956 rpm,15 %,,,90 °C,,,,,,,,,,,,,,843 m
,1960 rpm,15 %,,,90 °C,,,,,,,,,,,,,,843 m
,1960 rpm,15 %,,,90 °C,,,,,,,,,,,,,,843 m
,1962 rpm,15 %,,,90 °C,,,,,,,,,,,,,,843 m
,1961 rpm,15 %,,,90 °C,,,,,,,,,,,,,,843 m
,1959 rpm,15 %,,,90 °C,,,,,,,,,,,,,,843 m
,1962 rpm,15 %,,,90 °C,,,,,,,,,,,,,,843 m
,1961 rpm,15 %,,,90 °C,,,,,,,,,,,,,,843 m
,1963 rpm,15 %,,,90 °C,,,,,,,,,,,,,,843 m
,1963 rpm,15 %,,,90 °C,,,,,,,,,,,,,,843 m
,1962 rpm,15 %,,,90 °C,,,,,,,,,,,,,,843 m
,1957 rpm,15 %,,,90 °C,,,,,,,,,,,,,,843 m
,1956 rpm,15 %,,,90 °C,,,,,,,,,,,,,,843 m
,1952 rpm,15 %,,,90 °C,,,,,,,,,,,,,,843 m
,1949 rpm,15 %,,,90 °C,,,,,,,,,,,,,,843 m
,1951 rpm,15 %,,,90 °C,,,,,,,,,,,,,,843 m
,1952 rpm,15 %,,,90 °C,,,,,,,,,,,,,,843 m
,1954 rpm,15 %,,,90 °C,,,,,,,,,,,,,,843 m
,1955 rpm,15 %,,,90 °C,,,,,,,,,,,,,,843 m
,1960 rpm,15 %,,,90 °C,,,,,,,,,,,,,,843 m
,1961 rpm,15 %,,,90 °C,,,,,,,,,,,,,,843 m
,1958 rpm,15 %,,,90 °C,,,,,,,,,,,,,,843 m
,1960 rpm,15 %,,,90 °C,,,,,,,,,,,,,,843 m
,1960 rpm,15 %,,,90 °C,,,,,,,,,,,,,,843 m
,1961 rpm,15 %,,,90 °C,,,,,,,,,,,,,,843 m
,1964 rpm,15 %,,,90 °C,,,,,,,,,,,,,,843 m
,1965 rpm,15 %,,,90 °C,,,,,,,,,,,,,,843 m
,1965 rpm,15 %,,,90 °C,,,,,,,,,,,,,,843 m
,1963 rpm,15 %,,,90 °C,,,,,,,,,,,,,,843 m
,1963 rpm,15 %,,,90 °C,,,,,,,,,,,,,,843 m
,1960 rpm,15 %,,,90 °C,,,,,,,,,,,,,,843 m
,1959 rpm,15 %,,,90 °C,,,,,,,,,,,,,,843 m
,1950 rpm,15 %,,,90 °C,,,,,,,,,,,,,,843 m
,1947 rpm,15 %,,,90 °C,,,,,,,,,,,,,,843 m
,1948 rpm,15 %,,,90 °C,,,,,,,,,,,,,,843 m
,1950 rpm,15 %,,,90 °C,,,,,,,,,,,,,,843 m
,1949 rpm,15 %,,,90 °C,,,,,,,,,,,,,,843 m
,1951 rpm,15 %,,,90 °C,,,,,,,,,,,,,,843 m
,1948 rpm,15 %,,,90 °C,,,,,,,,,,,,,,843 m
,1950 rpm,15 %,,,90 °C,,,,,,,,,,,,,,843 m
,1950 rpm,15 %,,,90 °C,,,,,,,,,,,,,,843 m
,1953 rpm,15 %,,,90 °C,,,,,,,,,,,,,,843 m
,1956 rpm,15 %,,,90 °C,,,,,,,,,,,,,,843 m
,1957 rpm,15 %,,,90 °C,,,,,,,,,,,,,,843 m
,1958 rpm,15 %,,,90 °C,,,,,,,,,,,,,,843 m
,1959 rpm,15 %,,,90 °C,,,,,,,,,,,,,,843 m
,1961 rpm,15 %,,,90 °C,,,,,,,,,,,,,,843 m
,1960 rpm,15 %,,,90 °C,,,,,,,,,,,,,,843 m
,1960 rpm,15 %,,,90 °C,,,,,,,,,,,,,,843 m
,1961 rpm,15 %,,,90 °C,,,,,,,,,,,,,,843 m